,Low 10,Decile 2,Decile 3,Decile 4,Decile 5,Decile 6,Decile 7,Decile 8,Decile 9,High 10
1/1/1927,1,1.01,1.04,1.02,1,1.03,1.01,1.01,0.99,1.01
2/1/1927,1.08,1.05,1.13,1.1,1.04,1.09,1.07,1.05,1.05,1.07
3/1/1927,1.01,1,1.1,1.08,1.03,1.07,1.07,1.03,1.06,1.06
4/1/1927,1.04,0.99,1.1,1.07,1.03,1.07,1.09,1.03,1.08,1.11
5/1/1927,1.05,1.02,1.17,1.13,1.11,1.17,1.16,1.11,1.15,1.22
6/1/1927,0.98,1.01,1.15,1.1,1.08,1.17,1.14,1.1,1.13,1.18
7/1/1927,1.05,1.06,1.21,1.17,1.14,1.23,1.23,1.15,1.19,1.3
8/1/1927,1.02,1.09,1.19,1.17,1.15,1.24,1.25,1.16,1.2,1.28
9/1/1927,1.02,1.14,1.21,1.2,1.17,1.28,1.3,1.2,1.29,1.32
10/1/1927,0.95,1.09,1.15,1.15,1.15,1.25,1.25,1.19,1.23,1.26
11/1/1927,1.23,1.19,1.24,1.25,1.23,1.36,1.35,1.27,1.33,1.37
12/1/1927,1.28,1.2,1.26,1.3,1.29,1.41,1.37,1.29,1.38,1.43
1/1/1928,1.33,1.24,1.3,1.41,1.32,1.41,1.42,1.29,1.39,1.57
2/1/1928,1.33,1.21,1.24,1.4,1.3,1.4,1.38,1.24,1.35,1.48
3/1/1928,1.42,1.28,1.35,1.46,1.37,1.51,1.46,1.33,1.45,1.66
4/1/1928,1.53,1.41,1.55,1.65,1.47,1.74,1.51,1.39,1.51,1.79
5/1/1928,1.75,1.42,1.6,1.66,1.51,1.75,1.56,1.44,1.58,1.89
6/1/1928,1.58,1.32,1.48,1.56,1.41,1.68,1.46,1.33,1.47,1.76
7/1/1928,1.54,1.32,1.46,1.56,1.41,1.7,1.48,1.32,1.49,1.79
8/1/1928,1.61,1.37,1.54,1.6,1.5,1.83,1.56,1.43,1.63,1.92
9/1/1928,1.69,1.46,1.59,1.64,1.55,1.92,1.67,1.5,1.73,2.08
10/1/1928,1.69,1.45,1.61,1.64,1.55,1.93,1.69,1.55,1.78,2.27
11/1/1928,1.84,1.62,1.75,1.81,1.71,2.19,1.94,1.68,1.99,2.7
12/1/1928,1.74,1.6,1.77,1.8,1.69,2.25,1.97,1.7,2,2.68
1/1/1929,1.77,1.64,1.81,1.84,1.75,2.3,2.06,1.77,2.12,2.76
2/1/1929,1.69,1.64,1.83,1.84,1.73,2.31,2.1,1.78,2.17,2.86
3/1/1929,1.6,1.6,1.76,1.79,1.7,2.24,1.98,1.74,2.08,2.88
4/1/1929,1.54,1.64,1.81,1.78,1.71,2.27,2.04,1.78,2.12,2.97
5/1/1929,1.33,1.44,1.69,1.62,1.62,2.1,1.9,1.64,1.92,2.61
6/1/1929,1.38,1.52,1.76,1.72,1.7,2.26,2.05,1.81,2.2,2.95
7/1/1929,1.38,1.49,1.79,1.73,1.74,2.36,2.08,1.86,2.28,2.99
8/1/1929,1.33,1.48,1.8,1.72,1.76,2.45,2.24,1.99,2.46,3.17
9/1/1929,1.24,1.36,1.69,1.65,1.68,2.35,2.16,1.91,2.39,3.13
10/1/1929,0.96,1.06,1.34,1.31,1.43,1.96,1.81,1.55,1.89,2.28
11/1/1929,0.85,0.91,1.18,1.21,1.26,1.8,1.61,1.38,1.63,1.91
12/1/1929,0.74,0.83,1.13,1.18,1.24,1.77,1.56,1.4,1.66,2
1/1/1930,0.92,1,1.3,1.29,1.35,1.89,1.69,1.49,1.74,2.09
2/1/1930,0.96,1.05,1.35,1.33,1.37,1.93,1.73,1.51,1.78,2.17
3/1/1930,1.2,1.19,1.49,1.43,1.53,2.07,1.85,1.62,1.88,2.34
4/1/1930,1.14,1.16,1.36,1.33,1.44,1.98,1.72,1.56,1.88,2.28
5/1/1930,1.03,1.08,1.31,1.27,1.41,1.9,1.69,1.53,1.87,2.22
6/1/1930,0.78,0.83,1.02,1.03,1.13,1.57,1.45,1.34,1.6,1.76
7/1/1930,0.82,0.87,1.06,1.03,1.21,1.65,1.51,1.37,1.63,1.84
8/1/1930,0.76,0.85,1.04,0.99,1.21,1.62,1.51,1.35,1.65,1.85
9/1/1930,0.59,0.68,0.83,0.84,1.02,1.4,1.31,1.2,1.48,1.67
10/1/1930,0.53,0.58,0.73,0.72,0.92,1.28,1.24,1.09,1.37,1.54
11/1/1930,0.53,0.58,0.7,0.71,0.89,1.25,1.2,1.06,1.36,1.53
12/1/1930,0.4,0.47,0.58,0.6,0.75,1.11,1.04,0.96,1.27,1.44
1/1/1931,0.51,0.59,0.68,0.69,0.85,1.24,1.15,1.03,1.33,1.6
2/1/1931,0.64,0.74,0.79,0.81,1.01,1.42,1.3,1.13,1.43,1.72
3/1/1931,0.57,0.66,0.73,0.79,0.93,1.32,1.18,1.07,1.39,1.75
4/1/1931,0.44,0.53,0.59,0.65,0.79,1.12,1.01,0.97,1.24,1.6
5/1/1931,0.36,0.43,0.49,0.56,0.66,0.95,0.88,0.85,1.12,1.47
6/1/1931,0.46,0.56,0.6,0.68,0.81,1.12,1.01,0.95,1.24,1.6
7/1/1931,0.41,0.5,0.54,0.6,0.74,1.07,0.96,0.94,1.19,1.55
8/1/1931,0.41,0.48,0.54,0.58,0.71,1.06,0.94,0.9,1.19,1.54
9/1/1931,0.27,0.3,0.34,0.4,0.48,0.75,0.65,0.64,0.89,1.14
10/1/1931,0.29,0.33,0.38,0.46,0.51,0.8,0.73,0.68,1.02,1.3
11/1/1931,0.25,0.29,0.34,0.4,0.47,0.74,0.68,0.62,0.96,1.25
12/1/1931,0.18,0.22,0.26,0.32,0.38,0.6,0.58,0.54,0.81,1.15
1/1/1932,0.24,0.24,0.28,0.35,0.43,0.65,0.59,0.55,0.84,1.19
2/1/1932,0.24,0.24,0.28,0.34,0.44,0.67,0.61,0.57,0.88,1.22
3/1/1932,0.19,0.2,0.24,0.29,0.39,0.58,0.54,0.52,0.81,1.15
4/1/1932,0.15,0.16,0.2,0.24,0.31,0.47,0.44,0.44,0.69,1.02
5/1/1932,0.11,0.12,0.16,0.19,0.24,0.38,0.35,0.35,0.55,0.85
6/1/1932,0.12,0.13,0.16,0.2,0.25,0.39,0.35,0.36,0.59,0.89
7/1/1932,0.2,0.23,0.25,0.34,0.35,0.54,0.45,0.47,0.7,1
8/1/1932,0.43,0.48,0.44,0.6,0.62,0.88,0.67,0.64,0.97,1.32
9/1/1932,0.38,0.47,0.4,0.55,0.57,0.87,0.62,0.59,0.92,1.29
10/1/1932,0.31,0.4,0.32,0.46,0.49,0.73,0.52,0.5,0.76,1.05
11/1/1932,0.28,0.37,0.32,0.41,0.45,0.68,0.48,0.48,0.71,0.96
12/1/1932,0.25,0.35,0.3,0.39,0.43,0.66,0.47,0.47,0.71,0.96
1/1/1933,0.26,0.37,0.32,0.42,0.44,0.68,0.49,0.49,0.75,0.93
2/1/1933,0.21,0.31,0.25,0.34,0.38,0.57,0.41,0.43,0.65,0.82
3/1/1933,0.22,0.35,0.28,0.36,0.43,0.65,0.45,0.46,0.73,0.92
4/1/1933,0.35,0.56,0.44,0.58,0.62,0.99,0.67,0.72,1.04,1.33
5/1/1933,0.62,0.98,0.74,0.98,0.93,1.49,1.08,1.13,1.44,2.08
6/1/1933,0.82,1.21,0.92,1.23,1.1,1.79,1.3,1.35,1.83,2.4
7/1/1933,0.74,1.07,0.84,1.1,0.99,1.64,1.15,1.26,1.61,2.18
8/1/1933,0.78,1.11,0.95,1.23,1.12,1.89,1.31,1.45,1.81,2.42
9/1/1933,0.61,0.92,0.79,1.03,0.96,1.71,1.12,1.25,1.56,2.05
10/1/1933,0.56,0.82,0.7,0.93,0.84,1.53,1,1.09,1.39,1.83
11/1/1933,0.56,0.85,0.76,1.02,0.9,1.62,1.09,1.21,1.46,1.94
12/1/1933,0.55,0.84,0.78,1.05,0.92,1.64,1.13,1.26,1.5,2
1/1/1934,0.78,1.16,1.05,1.37,1.22,2.12,1.42,1.6,2.03,2.53
2/1/1934,0.79,1.16,1.06,1.4,1.23,2.12,1.44,1.6,2.03,2.62
3/1/1934,0.78,1.17,1.09,1.39,1.23,2.1,1.47,1.63,2.04,2.68
4/1/1934,0.79,1.16,1.13,1.41,1.23,2.12,1.44,1.64,2.03,2.58
5/1/1934,0.72,1.06,1.02,1.28,1.1,1.86,1.27,1.44,1.75,2.26
6/1/1934,0.7,1.05,1.02,1.28,1.11,1.88,1.29,1.47,1.72,2.25
7/1/1934,0.54,0.81,0.79,1.02,0.89,1.54,1.03,1.29,1.49,1.85
8/1/1934,0.58,0.9,0.9,1.12,0.97,1.68,1.13,1.4,1.65,2.07
9/1/1934,0.57,0.88,0.88,1.11,0.95,1.67,1.12,1.42,1.64,2.05
10/1/1934,0.54,0.82,0.83,1.07,0.92,1.65,1.13,1.44,1.67,2.09
11/1/1934,0.61,0.92,0.93,1.21,1.02,1.87,1.28,1.67,1.92,2.38
12/1/1934,0.62,0.88,0.94,1.22,1.03,1.89,1.29,1.71,2,2.53
1/1/1935,0.59,0.85,0.89,1.2,1.01,1.8,1.25,1.66,1.94,2.48
2/1/1935,0.48,0.75,0.79,1.11,0.93,1.76,1.24,1.67,1.96,2.5
3/1/1935,0.43,0.67,0.73,1,0.87,1.61,1.16,1.61,1.86,2.38
4/1/1935,0.47,0.79,0.8,1.11,0.98,1.79,1.23,1.72,2.02,2.54
5/1/1935,0.49,0.8,0.83,1.13,1.02,1.83,1.24,1.73,2.06,2.61
6/1/1935,0.49,0.81,0.86,1.16,1.08,1.95,1.3,1.84,2.17,2.79
7/1/1935,0.55,0.94,0.99,1.3,1.19,2.04,1.46,1.99,2.36,3.05
8/1/1935,0.7,1.09,1.12,1.36,1.24,2.12,1.52,2.07,2.43,3.23
9/1/1935,0.63,1.1,1.13,1.39,1.28,2.22,1.55,2.16,2.57,3.54
10/1/1935,0.68,1.21,1.18,1.5,1.38,2.37,1.69,2.36,2.8,3.94
11/1/1935,0.97,1.51,1.35,1.65,1.59,2.58,1.8,2.58,3.06,4.36
12/1/1935,0.96,1.56,1.45,1.74,1.67,2.68,1.97,2.75,3.32,4.8
1/1/1936,1.2,1.81,1.69,1.95,1.88,2.97,2.26,3.18,3.89,5.33
2/1/1936,1.21,1.85,1.73,2.01,1.99,3.17,2.4,3.44,4.1,5.48
3/1/1936,1.22,1.83,1.75,2.02,1.97,3.21,2.42,3.42,4.21,5.7
4/1/1936,1.15,1.75,1.56,1.78,1.71,2.77,2.01,2.95,3.56,4.62
5/1/1936,1.18,1.8,1.64,1.85,1.79,2.91,2.16,3.14,3.78,5.01
6/1/1936,1.16,1.82,1.63,1.85,1.8,2.94,2.17,3.11,3.86,4.85
7/1/1936,1.2,1.92,1.73,2.04,1.95,3.14,2.39,3.38,4.26,5.34
8/1/1936,1.2,1.93,1.77,2.1,2.03,3.25,2.38,3.52,4.43,5.36
9/1/1936,1.27,1.95,1.83,2.17,2.09,3.41,2.4,3.65,4.54,5.6
10/1/1936,1.36,2.06,1.92,2.32,2.18,3.66,2.64,3.92,4.83,5.98
11/1/1936,1.47,2.27,2.04,2.54,2.36,3.94,2.91,4.35,5.34,6.49
12/1/1936,1.49,2.3,2.08,2.72,2.38,4.01,2.98,4.42,5.69,6.65
1/1/1937,1.6,2.51,2.22,2.99,2.55,4.42,3.13,4.74,6.08,7.31
2/1/1937,1.61,2.57,2.24,3.12,2.6,4.52,3.21,4.8,6.3,7.81
3/1/1937,1.56,2.6,2.26,3.09,2.57,4.52,3.24,4.84,6.27,7.99
4/1/1937,1.37,2.34,2.06,2.84,2.33,4.13,2.96,4.34,5.54,6.8
5/1/1937,1.3,2.29,2,2.83,2.25,4.01,2.89,4.25,5.46,6.66
6/1/1937,1.16,2.11,1.86,2.63,2.13,3.73,2.68,3.91,5.1,5.99
7/1/1937,1.34,2.3,2.04,2.87,2.33,4.08,2.94,4.28,5.6,6.66
8/1/1937,1.23,2.19,1.91,2.73,2.23,3.94,2.81,4.03,5.23,6.27
9/1/1937,0.97,1.8,1.61,2.29,1.84,3.24,2.26,3.19,4.02,4.66
10/1/1937,0.89,1.63,1.47,2.03,1.66,2.93,2.06,2.84,3.58,4.08
11/1/1937,0.77,1.44,1.31,1.81,1.49,2.65,1.84,2.57,3.21,3.57
12/1/1937,0.63,1.28,1.16,1.55,1.36,2.43,1.7,2.38,2.94,3.31
1/1/1938,0.7,1.37,1.2,1.62,1.37,2.54,1.74,2.44,3.04,3.36
2/1/1938,0.74,1.45,1.25,1.77,1.48,2.73,1.86,2.58,3.22,3.49
3/1/1938,0.45,0.95,0.84,1.21,1,1.95,1.35,1.93,2.54,2.9
4/1/1938,0.56,1.24,1.04,1.51,1.22,2.32,1.59,2.28,2.89,3.29
5/1/1938,0.51,1.11,0.93,1.38,1.11,2.14,1.5,2.14,2.78,3.3
6/1/1938,0.7,1.58,1.29,1.9,1.53,2.89,1.93,2.68,3.27,3.64
7/1/1938,0.85,1.77,1.48,2.14,1.72,3.23,2.14,2.98,3.52,3.87
8/1/1938,0.75,1.61,1.37,1.97,1.58,3.06,2.02,2.86,3.4,3.83
9/1/1938,0.72,1.56,1.33,1.95,1.54,3.01,2.01,2.86,3.41,3.83
10/1/1938,0.85,1.83,1.58,2.29,1.74,3.44,2.22,3.13,3.76,4.33
11/1/1938,0.74,1.79,1.48,2.16,1.66,3.37,2.2,3.07,3.69,4.35
12/1/1938,0.75,1.82,1.49,2.23,1.7,3.47,2.31,3.19,3.88,4.64
1/1/1939,0.71,1.69,1.39,2.07,1.58,3.22,2.1,2.93,3.5,4.2
2/1/1939,0.72,1.73,1.44,2.16,1.64,3.33,2.2,3.08,3.69,4.49
3/1/1939,0.59,1.44,1.2,1.82,1.35,2.71,1.85,2.6,2.99,3.56
4/1/1939,0.58,1.42,1.18,1.84,1.37,2.67,1.87,2.61,3.02,3.7
5/1/1939,0.61,1.51,1.29,2,1.47,2.93,2.03,2.82,3.34,4.16
6/1/1939,0.56,1.37,1.14,1.84,1.35,2.7,1.86,2.62,3.07,3.81
7/1/1939,0.63,1.57,1.31,2.13,1.54,3.07,2.07,2.96,3.4,4.41
8/1/1939,0.56,1.36,1.16,1.87,1.36,2.73,1.88,2.67,3.17,4.06
9/1/1939,1.14,2.17,1.77,2.75,1.82,3.52,2.39,3.12,3.78,4.67
10/1/1939,1.04,2.12,1.71,2.67,1.8,3.53,2.41,3.17,3.87,4.86
11/1/1939,0.96,1.91,1.6,2.47,1.65,3.26,2.24,2.85,3.59,4.38
12/1/1939,0.95,1.9,1.59,2.53,1.69,3.32,2.28,2.94,3.69,4.6
1/1/1940,0.93,1.82,1.55,2.44,1.61,3.28,2.27,2.9,3.63,4.57
2/1/1940,0.94,1.85,1.61,2.54,1.64,3.37,2.35,2.99,3.76,4.87
3/1/1940,0.97,1.88,1.65,2.63,1.67,3.47,2.4,3.09,3.84,5.05
4/1/1940,0.9,1.91,1.64,2.67,1.67,3.49,2.42,3.16,4.02,5.46
5/1/1940,0.67,1.34,1.18,1.96,1.25,2.6,1.81,2.35,2.93,3.82
6/1/1940,0.72,1.46,1.26,2.1,1.31,2.79,1.93,2.48,3.1,4.06
7/1/1940,0.74,1.51,1.3,2.19,1.34,2.89,1.99,2.58,3.26,4.27
8/1/1940,0.75,1.56,1.34,2.23,1.38,2.97,2.02,2.64,3.33,4.32
9/1/1940,0.77,1.62,1.39,2.31,1.43,3.1,2.11,2.75,3.45,4.44
10/1/1940,0.79,1.78,1.5,2.47,1.51,3.21,2.18,2.85,3.52,4.66
11/1/1940,0.76,1.74,1.54,2.49,1.51,3.22,2.16,2.85,3.56,4.7
12/1/1940,0.68,1.66,1.51,2.46,1.48,3.2,2.15,2.85,3.57,4.83
1/1/1941,0.8,1.67,1.52,2.41,1.44,3.06,2.06,2.75,3.45,4.62
2/1/1941,0.78,1.61,1.48,2.35,1.41,3.04,2.03,2.65,3.43,4.55
3/1/1941,0.78,1.64,1.51,2.38,1.43,3.04,2.06,2.72,3.52,4.59
4/1/1941,0.7,1.52,1.4,2.22,1.35,2.89,1.94,2.66,3.37,4.37
5/1/1941,0.7,1.52,1.42,2.25,1.38,2.92,1.97,2.71,3.43,4.47
6/1/1941,0.75,1.63,1.51,2.38,1.46,3.11,2.09,2.87,3.68,4.83
7/1/1941,0.94,1.88,1.71,2.68,1.6,3.44,2.29,3.17,4.04,5.43
8/1/1941,0.92,1.81,1.69,2.65,1.58,3.46,2.34,3.17,4.05,5.4
9/1/1941,0.89,1.79,1.69,2.58,1.56,3.36,2.29,3.11,3.97,5.25
10/1/1941,0.77,1.67,1.59,2.39,1.47,3.12,2.19,2.97,3.81,5.07
11/1/1941,0.69,1.61,1.51,2.29,1.42,3.03,2.18,2.93,3.77,5.03
12/1/1941,0.58,1.45,1.4,2.13,1.34,2.82,2.03,2.74,3.47,4.56
1/1/1942,0.77,1.74,1.53,2.35,1.45,3.02,2.16,2.93,3.88,5.39
2/1/1942,0.77,1.74,1.49,2.28,1.43,2.95,2.14,2.87,3.83,5.31
3/1/1942,0.74,1.68,1.41,2.15,1.36,2.76,2.06,2.76,3.59,4.95
4/1/1942,0.71,1.6,1.35,2.05,1.28,2.6,1.95,2.63,3.39,4.84
5/1/1942,0.76,1.68,1.41,2.16,1.3,2.65,1.98,2.64,3.45,4.86
6/1/1942,0.77,1.75,1.45,2.21,1.34,2.73,2.04,2.68,3.51,4.9
7/1/1942,0.81,1.82,1.53,2.31,1.38,2.88,2.13,2.77,3.67,5.28
8/1/1942,0.84,1.87,1.58,2.39,1.4,2.98,2.17,2.85,3.73,5.49
9/1/1942,0.92,1.95,1.65,2.45,1.44,3.09,2.25,2.95,3.87,6
10/1/1942,1.11,2.21,1.81,2.69,1.55,3.33,2.4,3.2,4.15,6.43
11/1/1942,1.08,2.18,1.77,2.7,1.52,3.29,2.4,3.21,4.05,6.14
12/1/1942,1.11,2.27,1.81,2.76,1.57,3.42,2.54,3.38,4.16,6.38
1/1/1943,1.28,2.57,2.05,3.06,1.8,3.89,2.89,3.94,5.12,8.28
2/1/1943,1.69,2.88,2.26,3.58,1.98,4.46,3.15,4.28,5.59,9.15
3/1/1943,1.89,3.15,2.46,3.95,2.16,4.83,3.5,4.88,6.4,10.46
4/1/1943,1.9,3.16,2.45,4.04,2.19,4.86,3.72,5.2,6.81,11.67
5/1/1943,1.98,3.34,2.6,4.3,2.3,5.27,4.04,5.73,7.62,13.61
6/1/1943,2,3.39,2.65,4.42,2.33,5.38,4.13,5.84,7.62,13.18
7/1/1943,1.94,3.26,2.53,4.2,2.2,5.08,3.84,5.42,6.85,11.58
8/1/1943,1.93,3.28,2.52,4.22,2.2,5.21,3.87,5.48,6.94,11.35
9/1/1943,1.95,3.37,2.58,4.34,2.26,5.43,4.05,5.69,7.3,11.95
10/1/1943,1.97,3.35,2.57,4.32,2.25,5.4,4,5.7,7.34,11.68
11/1/1943,1.77,3.11,2.41,3.99,2.08,5.01,3.73,5.09,6.49,9.96
12/1/1943,1.9,3.35,2.58,4.27,2.27,5.42,4.13,5.79,7.35,11.39
1/1/1944,1.98,3.45,2.67,4.43,2.37,5.59,4.34,6.15,7.63,12.26
2/1/1944,2,3.48,2.7,4.51,2.41,5.65,4.39,6.22,7.83,12.58
3/1/1944,2.07,3.57,2.77,4.64,2.49,5.89,4.53,6.48,8.46,13.4
4/1/1944,1.97,3.45,2.7,4.52,2.41,5.75,4.43,6.31,8.2,13.06
5/1/1944,2.05,3.65,2.86,4.8,2.54,6.19,4.74,6.77,8.87,14.07
6/1/1944,2.49,4.25,3.12,5.26,2.79,6.76,5.06,7.29,9.65,14.86
7/1/1944,2.39,4.29,3.06,5.22,2.77,6.69,5,7.23,9.52,14.58
8/1/1944,2.41,4.34,3.11,5.36,2.81,6.83,5.17,7.58,10.04,15.65
9/1/1944,2.42,4.32,3.15,5.36,2.79,6.83,5.2,7.57,10,15.48
10/1/1944,2.42,4.3,3.16,5.35,2.82,6.95,5.18,7.57,9.93,15.32
11/1/1944,2.46,4.4,3.23,5.42,2.89,7.14,5.29,7.77,10.21,15.85
12/1/1944,2.6,4.6,3.45,5.71,3.07,7.69,5.7,8.37,11.29,17.13
1/1/1945,2.72,4.76,3.58,5.92,3.17,7.96,5.86,8.71,12,18.55
2/1/1945,2.95,5.07,3.82,6.34,3.44,8.68,6.33,9.62,13.11,20.65
3/1/1945,2.84,4.9,3.64,6.03,3.22,8.21,5.98,9.08,12.06,18.77
4/1/1945,3.04,5.24,3.91,6.46,3.54,8.95,6.55,9.9,13.38,21.16
5/1/1945,3.17,5.39,4,6.68,3.57,9.19,6.74,10.18,14.01,21.81
6/1/1945,3.25,5.47,4.09,6.77,3.67,9.33,6.96,10.73,14.95,23.68
7/1/1945,3.13,5.33,3.96,6.62,3.55,9.02,6.76,10.34,14.24,22.41
8/1/1945,3.33,5.71,4.23,7.14,3.82,9.74,7.3,11.04,15.03,23.15
9/1/1945,3.53,6.05,4.45,7.63,4.07,10.32,7.78,11.88,16.04,24.46
10/1/1945,3.79,6.38,4.72,8.2,4.35,11.09,8.21,12.58,17.04,26.1
11/1/1945,4.1,6.77,5.08,8.96,4.69,12.18,9.05,14.01,19.36,28.6
12/1/1945,4.16,6.9,5.14,9.19,4.76,12.64,9.26,14.5,19.84,29.65
1/1/1946,4.49,7.26,5.54,9.96,5.25,14.05,10.19,15.72,22.02,34.02
2/1/1946,4.28,6.8,5.22,9.26,4.97,13.15,9.32,14.63,20.45,31.34
3/1/1946,4.51,7.13,5.51,9.73,5.21,14.03,9.98,15.79,21.78,33.01
4/1/1946,4.64,7.38,5.69,10.21,5.55,14.83,10.53,16.83,23.29,35.37
5/1/1946,4.94,7.82,5.94,10.94,5.9,15.7,11.16,17.85,24.38,36.56
6/1/1946,4.73,7.57,5.66,10.59,5.57,14.94,10.55,16.75,22.99,34.25
7/1/1946,4.47,7.29,5.47,10.14,5.32,14.33,10.08,16.12,22.06,33.01
8/1/1946,4.1,6.8,5.06,9.53,4.94,13.33,9.26,14.81,20.28,30.27
9/1/1946,3.4,5.84,4.36,8.31,4.34,11.62,8.13,12.9,17.77,26.05
10/1/1946,3.34,5.74,4.29,8.15,4.33,11.55,8.06,12.83,17.53,25.63
11/1/1946,3.26,5.65,4.34,8.17,4.33,11.68,8.13,12.87,17.43,25.34
12/1/1946,3.32,5.85,4.65,8.6,4.53,12.24,8.52,13.24,18.27,27.18
1/1/1947,3.59,6.27,4.87,9.01,4.64,12.57,8.56,13.42,18.18,27.14
2/1/1947,3.59,6.22,4.79,8.98,4.61,12.53,8.54,13.33,18.02,27
3/1/1947,3.33,5.95,4.6,8.72,4.49,12.22,8.38,13.15,17.69,26.65
4/1/1947,2.85,5.34,4.17,7.94,4.17,11.36,7.84,12.52,16.57,24.86
5/1/1947,2.64,5.02,3.95,7.65,4.07,10.98,7.57,12.2,16.18,24.35
6/1/1947,2.85,5.31,4.16,8.2,4.27,11.61,8.07,12.84,16.93,25.49
7/1/1947,3.09,5.75,4.46,8.71,4.55,12.25,8.44,13.48,17.74,26.96
8/1/1947,2.96,5.56,4.31,8.59,4.47,12.05,8.37,13.51,17.62,26.8
9/1/1947,3.01,5.5,4.32,8.64,4.49,12.04,8.44,13.54,17.78,27.52
10/1/1947,3.1,5.74,4.47,8.98,4.6,12.49,8.65,13.98,18.28,28.77
11/1/1947,2.88,5.46,4.27,8.66,4.49,12.14,8.5,13.8,18.12,28.79
12/1/1947,2.84,5.52,4.26,8.91,4.6,12.29,8.74,14.18,19.11,30.46
1/1/1948,2.92,5.53,4.29,8.89,4.46,11.9,8.49,13.78,18.29,29.26
2/1/1948,2.64,5.17,4.01,8.37,4.24,11.32,8.11,13.03,17.17,27.58
3/1/1948,2.98,5.68,4.32,9.18,4.59,12.18,8.79,14.31,18.84,30.96
4/1/1948,2.98,5.82,4.5,9.43,4.81,12.48,9.15,15.03,19.88,33.22
5/1/1948,3.3,6.38,4.79,10.2,5.27,13.42,9.85,16.41,21.89,35.96
6/1/1948,3.1,6.22,4.67,9.96,5.2,13.25,9.76,16.43,21.91,37.26
7/1/1948,2.94,5.85,4.48,9.57,4.93,12.49,9.19,15.58,20.4,35.27
8/1/1948,2.89,5.82,4.5,9.56,4.94,12.38,9.21,15.6,20.39,35.39
9/1/1948,2.67,5.57,4.36,9.27,4.78,11.93,8.85,14.92,19.47,33.43
10/1/1948,2.78,5.83,4.58,9.69,4.97,12.55,9.4,15.89,20.57,35.82
11/1/1948,2.34,5.18,4.11,8.88,4.53,11.38,8.51,14.26,18.48,31.21
12/1/1948,2.28,5.18,4.07,8.91,4.59,11.54,8.65,14.7,19.2,32.61
1/1/1949,2.41,5.34,4.14,9.15,4.68,11.66,8.78,14.79,19.33,32.5
2/1/1949,2.27,5.1,3.95,8.82,4.54,11.12,8.54,14.24,18.55,31.09
3/1/1949,2.44,5.45,4.24,9.25,4.83,11.57,9,14.96,19.54,33.31
4/1/1949,2.31,5.18,4.07,8.9,4.69,11.24,8.71,14.7,19.27,32.9
5/1/1949,2.11,4.85,3.87,8.49,4.49,10.87,8.52,14.13,18.88,32.06
6/1/1949,2.1,4.82,3.85,8.44,4.42,10.67,8.41,14.17,18.65,32.04
7/1/1949,2.26,5.17,4.11,9.03,4.71,11.3,8.88,14.89,19.66,33.86
8/1/1949,2.3,5.31,4.15,9.26,4.86,11.64,9.12,15.18,20.34,34.64
9/1/1949,2.47,5.59,4.33,9.62,5.02,11.96,9.46,15.7,21.08,36.42
10/1/1949,2.64,5.78,4.52,10.02,5.15,12.39,9.81,16.13,21.77,38.06
11/1/1949,2.54,5.85,4.57,10.11,5.17,12.55,9.97,16.29,22.37,38.88
12/1/1949,2.77,6.38,4.91,10.91,5.44,13.31,10.57,17.37,23.92,41.46
1/1/1950,2.97,6.78,5.16,11.34,5.57,13.74,10.82,17.85,24.6,43.13
2/1/1950,2.99,6.92,5.24,11.38,5.61,13.98,10.95,18.16,25.57,44.23
3/1/1950,2.91,6.87,5.24,11.37,5.57,13.96,10.9,18.31,25.46,45.1
4/1/1950,3.13,7.35,5.46,11.85,5.87,14.61,11.2,19.14,26.53,46.96
5/1/1950,3.25,7.65,5.56,12.15,6.11,14.99,11.65,19.82,27.45,48.54
6/1/1950,3.03,7.18,5.15,11.43,5.68,13.9,10.79,18.06,24.83,44.31
7/1/1950,3.2,7.62,5.29,12.02,6,14.67,11.46,19.35,26.43,45.12
8/1/1950,3.34,7.92,5.54,12.67,6.23,15.29,12.01,20.5,28.12,48.36
9/1/1950,3.57,8.33,5.9,13.31,6.51,16.06,12.66,21.59,29.58,51.04
10/1/1950,3.52,8.14,5.89,13.31,6.47,15.94,12.66,21.62,29.68,51.19
11/1/1950,3.54,8.17,5.96,13.65,6.71,16.88,13,22.72,31.02,54.52
12/1/1950,3.74,8.62,6.35,14.64,7.32,18.22,14.24,24.99,34.32,61.78
1/1/1951,4.06,9.2,6.84,15.55,7.86,19.45,15.36,26.77,37.27,67.23
2/1/1951,4.15,9.42,6.97,15.65,7.98,19.61,15.4,26.85,37.54,67.84
3/1/1951,4.12,9.15,6.83,15.26,7.75,18.93,14.76,25.55,35.79,63.64
4/1/1951,4.16,9.26,6.94,15.77,8.02,19.79,15.68,27.2,37.93,68.08
5/1/1951,4.05,9.05,6.81,15.38,7.77,19.43,15.23,26.67,36.98,65.63
6/1/1951,3.91,8.82,6.63,14.83,7.44,18.58,14.36,25.26,34.93,60.35
7/1/1951,1,1,1,1,1,1,1,1,1,1
8/1/1951,1.06,1.04,1.04,1.03,1.05,1.05,1.05,1.05,1.06,1.05
9/1/1951,1.07,1.07,1.06,1.06,1.07,1.07,1.08,1.09,1.08,1.07
10/1/1951,1.05,1.04,1.04,1.05,1.05,1.03,1.04,1.06,1.05,1.04
11/1/1951,1.04,1.05,1.05,1.06,1.05,1.04,1.06,1.07,1.07,1.05
12/1/1951,1.05,1.05,1.06,1.07,1.07,1.06,1.08,1.09,1.1,1.07
1/1/1952,1.06,1.06,1.07,1.09,1.09,1.07,1.09,1.12,1.12,1.09
2/1/1952,1.02,1.03,1.05,1.08,1.07,1.07,1.07,1.1,1.09,1.06
3/1/1952,1.04,1.06,1.07,1.11,1.1,1.1,1.1,1.14,1.13,1.11
4/1/1952,0.98,1.02,1.03,1.06,1.06,1.06,1.06,1.09,1.07,1.02
5/1/1952,1,1.04,1.06,1.08,1.08,1.09,1.09,1.12,1.1,1.05
6/1/1952,1.02,1.07,1.08,1.12,1.12,1.12,1.13,1.16,1.14,1.09
7/1/1952,1.02,1.07,1.1,1.14,1.14,1.13,1.14,1.17,1.15,1.11
8/1/1952,1.02,1.07,1.1,1.14,1.14,1.13,1.14,1.17,1.15,1.1
9/1/1952,0.98,1.04,1.08,1.12,1.12,1.12,1.14,1.15,1.15,1.09
10/1/1952,0.96,1.01,1.06,1.12,1.1,1.11,1.13,1.16,1.14,1.09
11/1/1952,1.01,1.07,1.1,1.17,1.15,1.17,1.19,1.23,1.21,1.17
12/1/1952,1.02,1.09,1.12,1.19,1.19,1.2,1.23,1.27,1.24,1.2
1/1/1953,1.06,1.11,1.14,1.22,1.22,1.23,1.25,1.31,1.26,1.22
2/1/1953,1.08,1.12,1.15,1.23,1.23,1.25,1.26,1.34,1.27,1.25
3/1/1953,1.06,1.1,1.14,1.23,1.23,1.23,1.25,1.33,1.26,1.21
4/1/1953,1.02,1.07,1.12,1.2,1.21,1.21,1.22,1.3,1.23,1.19
5/1/1953,1.01,1.06,1.12,1.22,1.21,1.22,1.23,1.32,1.24,1.21
6/1/1953,0.96,1.04,1.08,1.18,1.17,1.18,1.2,1.28,1.21,1.17
7/1/1953,0.97,1.06,1.1,1.2,1.19,1.21,1.23,1.3,1.22,1.19
8/1/1953,0.9,0.99,1.04,1.13,1.15,1.15,1.17,1.24,1.17,1.13
9/1/1953,0.86,0.96,1.03,1.12,1.13,1.15,1.16,1.24,1.18,1.14
10/1/1953,0.87,1,1.07,1.16,1.17,1.2,1.21,1.29,1.22,1.19
11/1/1953,0.89,1.01,1.09,1.17,1.21,1.22,1.24,1.33,1.26,1.23
12/1/1953,0.82,0.97,1.05,1.15,1.19,1.21,1.24,1.34,1.27,1.25
1/1/1954,0.93,1.07,1.14,1.24,1.28,1.29,1.31,1.39,1.32,1.3
2/1/1954,0.93,1.07,1.16,1.25,1.29,1.3,1.33,1.42,1.35,1.33
3/1/1954,0.95,1.1,1.18,1.27,1.31,1.34,1.38,1.46,1.41,1.41
4/1/1954,0.92,1.09,1.18,1.29,1.33,1.38,1.43,1.49,1.46,1.47
5/1/1954,0.98,1.15,1.25,1.33,1.38,1.43,1.49,1.54,1.5,1.53
6/1/1954,0.98,1.14,1.25,1.35,1.4,1.47,1.5,1.56,1.54,1.57
7/1/1954,1.07,1.23,1.34,1.44,1.49,1.56,1.6,1.68,1.64,1.7
8/1/1954,1.07,1.23,1.33,1.43,1.48,1.56,1.57,1.66,1.6,1.68
9/1/1954,1.11,1.27,1.37,1.49,1.54,1.62,1.64,1.75,1.68,1.78
10/1/1954,1.09,1.26,1.36,1.47,1.53,1.61,1.62,1.74,1.69,1.78
11/1/1954,1.2,1.37,1.47,1.57,1.65,1.75,1.8,1.91,1.87,1.97
12/1/1954,1.35,1.51,1.58,1.7,1.77,1.9,1.95,2.08,2.02,2.14
1/1/1955,1.37,1.52,1.6,1.72,1.78,1.92,1.99,2.08,2.06,2.23
2/1/1955,1.42,1.56,1.65,1.78,1.84,2,2.09,2.21,2.16,2.34
3/1/1955,1.4,1.57,1.66,1.78,1.83,2.01,2.09,2.19,2.2,2.38
4/1/1955,1.44,1.6,1.69,1.82,1.87,2.08,2.15,2.23,2.24,2.43
5/1/1955,1.43,1.62,1.7,1.84,1.88,2.09,2.18,2.24,2.25,2.46
6/1/1955,1.47,1.67,1.74,1.9,1.95,2.16,2.29,2.32,2.33,2.58
7/1/1955,1.49,1.7,1.76,1.91,1.98,2.17,2.3,2.32,2.38,2.54
8/1/1955,1.47,1.7,1.76,1.92,1.98,2.19,2.33,2.34,2.41,2.61
9/1/1955,1.46,1.69,1.75,1.89,1.95,2.18,2.29,2.34,2.38,2.63
10/1/1955,1.43,1.66,1.71,1.86,1.93,2.17,2.26,2.28,2.35,2.56
11/1/1955,1.5,1.72,1.77,1.95,2.03,2.28,2.39,2.43,2.52,2.76
12/1/1955,1.54,1.77,1.81,1.98,2.08,2.32,2.42,2.51,2.58,2.82
1/1/1956,1.52,1.74,1.79,1.97,2.04,2.28,2.34,2.46,2.52,2.69
2/1/1956,1.57,1.78,1.82,2.03,2.1,2.35,2.41,2.54,2.65,2.84
3/1/1956,1.59,1.86,1.89,2.13,2.22,2.46,2.55,2.7,2.85,3.04
4/1/1956,1.58,1.86,1.88,2.1,2.21,2.46,2.57,2.73,2.91,3.13
5/1/1956,1.51,1.78,1.83,2.03,2.15,2.37,2.47,2.58,2.74,3.02
6/1/1956,1.51,1.8,1.86,2.05,2.2,2.41,2.52,2.67,2.84,3.16
7/1/1956,1.53,1.86,1.92,2.1,2.28,2.53,2.63,2.79,2.98,3.35
8/1/1956,1.5,1.83,1.89,2.06,2.25,2.52,2.59,2.73,2.89,3.27
9/1/1956,1.43,1.77,1.83,2,2.2,2.44,2.49,2.63,2.74,3.15
10/1/1956,1.42,1.76,1.82,2.02,2.22,2.46,2.51,2.64,2.79,3.26
11/1/1956,1.38,1.76,1.81,2.01,2.23,2.48,2.54,2.69,2.83,3.36
12/1/1956,1.39,1.77,1.82,2.05,2.26,2.52,2.59,2.81,2.96,3.56
1/1/1957,1.45,1.8,1.84,2.05,2.27,2.54,2.57,2.79,2.87,3.52
2/1/1957,1.39,1.75,1.81,2.03,2.24,2.5,2.52,2.71,2.8,3.42
3/1/1957,1.4,1.77,1.86,2.07,2.31,2.58,2.57,2.77,2.85,3.52
4/1/1957,1.43,1.81,1.9,2.13,2.36,2.61,2.65,2.84,2.95,3.68
5/1/1957,1.46,1.87,1.93,2.17,2.4,2.67,2.71,2.87,3.04,3.79
6/1/1957,1.46,1.85,1.9,2.15,2.39,2.64,2.68,2.86,2.99,3.82
7/1/1957,1.45,1.86,1.92,2.17,2.4,2.67,2.7,2.89,2.98,3.8
8/1/1957,1.33,1.75,1.83,2.09,2.31,2.61,2.59,2.75,2.81,3.57
9/1/1957,1.23,1.62,1.74,1.99,2.21,2.49,2.49,2.65,2.68,3.33
10/1/1957,1.1,1.49,1.62,1.88,2.1,2.36,2.36,2.53,2.52,3.12
11/1/1957,1.13,1.5,1.62,1.89,2.12,2.4,2.4,2.62,2.62,3.26
12/1/1957,1,1.37,1.49,1.75,2.03,2.32,2.39,2.58,2.58,3.23
1/1/1958,1.21,1.57,1.68,1.95,2.28,2.52,2.56,2.77,2.73,3.41
2/1/1958,1.15,1.52,1.63,1.91,2.26,2.51,2.57,2.77,2.77,3.47
3/1/1958,1.2,1.59,1.71,1.95,2.33,2.57,2.65,2.85,2.86,3.66
4/1/1958,1.25,1.63,1.75,1.99,2.38,2.67,2.71,2.92,2.99,3.83
5/1/1958,1.31,1.7,1.83,2.06,2.48,2.79,2.79,3,3.09,3.96
6/1/1958,1.4,1.76,1.88,2.14,2.55,2.84,2.86,3.09,3.14,4.1
7/1/1958,1.54,1.91,2,2.28,2.7,2.99,2.98,3.18,3.23,4.2
8/1/1958,1.56,1.98,2.05,2.34,2.79,3.1,3.09,3.24,3.3,4.39
9/1/1958,1.69,2.09,2.16,2.48,2.93,3.24,3.23,3.36,3.47,4.6
10/1/1958,1.73,2.11,2.2,2.51,3.03,3.33,3.35,3.49,3.64,4.95
11/1/1958,1.78,2.2,2.29,2.61,3.12,3.45,3.5,3.63,3.82,5.3
12/1/1958,1.85,2.3,2.4,2.7,3.26,3.56,3.65,3.75,3.95,5.51
1/1/1959,1.91,2.39,2.5,2.81,3.41,3.76,3.82,3.89,4.07,5.74
2/1/1959,1.95,2.43,2.53,2.85,3.5,3.83,3.98,4.03,4.24,6.05
3/1/1959,1.95,2.44,2.54,2.88,3.54,3.88,4.04,4.1,4.28,6.23
4/1/1959,1.96,2.47,2.57,2.91,3.59,3.98,4.19,4.32,4.46,6.55
5/1/1959,1.96,2.48,2.6,2.9,3.66,4.01,4.28,4.35,4.5,6.59
6/1/1959,1.91,2.46,2.6,2.92,3.68,3.98,4.31,4.45,4.63,6.73
7/1/1959,1.98,2.54,2.65,3.01,3.76,4.07,4.45,4.62,4.86,6.88
8/1/1959,1.91,2.52,2.66,3.01,3.75,4.05,4.35,4.52,4.75,6.66
9/1/1959,1.83,2.37,2.54,2.89,3.59,3.87,4.16,4.29,4.56,6.37
10/1/1959,1.82,2.36,2.6,2.91,3.63,3.91,4.22,4.44,4.79,6.78
11/1/1959,1.84,2.38,2.61,2.95,3.68,3.94,4.34,4.48,4.9,7.06
12/1/1959,1.85,2.44,2.64,3.02,3.79,4.01,4.43,4.64,5.02,7.22
1/1/1960,1.81,2.38,2.56,2.94,3.66,3.92,4.2,4.36,4.74,6.76
2/1/1960,1.77,2.38,2.56,2.97,3.69,3.96,4.24,4.4,4.82,7.04
3/1/1960,1.67,2.32,2.51,2.9,3.59,3.92,4.16,4.33,4.76,6.82
4/1/1960,1.6,2.22,2.44,2.85,3.55,3.86,4.1,4.27,4.66,6.86
5/1/1960,1.62,2.22,2.45,2.87,3.63,3.9,4.21,4.38,4.85,7.33
6/1/1960,1.62,2.28,2.46,2.93,3.74,3.96,4.28,4.5,5.02,7.62
7/1/1960,1.58,2.27,2.41,2.89,3.69,3.91,4.22,4.42,4.93,7.29
8/1/1960,1.65,2.33,2.53,2.99,3.78,4.03,4.37,4.62,5.17,7.65
9/1/1960,1.5,2.15,2.38,2.8,3.59,3.79,4.19,4.37,4.93,7.1
10/1/1960,1.42,2.09,2.31,2.75,3.54,3.74,4.15,4.33,4.88,6.85
11/1/1960,1.46,2.17,2.38,2.84,3.67,3.91,4.34,4.61,5.11,7.43
12/1/1960,1.52,2.24,2.46,2.96,3.82,4.02,4.51,4.8,5.33,7.75
1/1/1961,1.71,2.51,2.7,3.21,4.12,4.26,4.83,5.12,5.69,8.04
2/1/1961,1.85,2.65,2.84,3.39,4.32,4.5,5.1,5.39,6,8.75
3/1/1961,1.95,2.74,2.95,3.52,4.54,4.66,5.3,5.65,6.35,9.44
4/1/1961,1.91,2.74,2.93,3.53,4.6,4.73,5.35,5.79,6.46,9.63
5/1/1961,2.03,2.86,3.09,3.7,4.75,4.91,5.57,6.05,6.73,9.82
6/1/1961,1.92,2.71,2.96,3.57,4.56,4.79,5.33,5.82,6.49,9.32
7/1/1961,1.9,2.74,3.03,3.6,4.64,4.88,5.45,5.86,6.54,9.47
8/1/1961,1.94,2.76,3.07,3.65,4.74,5.01,5.59,5.97,6.75,9.87
9/1/1961,1.85,2.65,2.95,3.56,4.66,4.92,5.5,5.81,6.58,9.6
10/1/1961,1.84,2.64,2.99,3.62,4.81,5.03,5.65,5.94,6.76,10.16
11/1/1961,1.94,2.73,3.1,3.78,5,5.25,5.89,6.24,7.15,10.9
12/1/1961,1.96,2.77,3.09,3.79,5.03,5.22,5.81,6.13,7.08,10.69
1/1/1962,1.97,2.78,3.08,3.83,5.04,5.22,5.74,6.03,6.93,10.28
2/1/1962,1.98,2.81,3.13,3.91,5.14,5.36,5.85,6.08,6.97,10.42
3/1/1962,1.91,2.77,3.1,3.89,5.15,5.33,5.88,6.15,6.94,10.4
4/1/1962,1.75,2.54,2.86,3.61,4.82,5.05,5.58,5.79,6.46,9.75
5/1/1962,1.53,2.29,2.59,3.29,4.37,4.69,5.06,5.24,5.81,8.66
6/1/1962,1.31,2.02,2.33,2.98,4.03,4.37,4.72,4.88,5.46,8.2
7/1/1962,1.44,2.15,2.43,3.14,4.22,4.7,5,5.16,5.84,8.74
8/1/1962,1.52,2.21,2.49,3.24,4.32,4.79,5.16,5.26,5.93,9.03
9/1/1962,1.38,2.03,2.3,3.04,4.05,4.53,4.97,5.03,5.73,8.56
10/1/1962,1.31,1.99,2.23,2.94,4,4.54,4.91,4.96,5.63,8.31
11/1/1962,1.6,2.37,2.59,3.36,4.54,5.08,5.45,5.47,6.21,9.17
12/1/1962,1.51,2.26,2.52,3.31,4.48,5.1,5.5,5.53,6.32,9.36
1/1/1963,1.67,2.46,2.76,3.55,4.84,5.46,5.85,5.9,6.72,10.03
2/1/1963,1.6,2.39,2.7,3.47,4.76,5.42,5.85,5.88,6.69,10.04
3/1/1963,1.6,2.42,2.76,3.51,4.88,5.52,6.05,6,6.86,10.39
4/1/1963,1.64,2.51,2.86,3.67,5.06,5.75,6.28,6.3,7.15,10.78
5/1/1963,1.7,2.59,2.93,3.79,5.17,5.93,6.49,6.53,7.4,11.26
6/1/1963,1.66,2.54,2.88,3.72,5.08,5.85,6.36,6.48,7.34,11.08
7/1/1963,1.63,2.53,2.83,3.69,5.05,5.83,6.27,6.43,7.31,11.01
8/1/1963,1.68,2.6,2.93,3.82,5.29,6.08,6.55,6.75,7.7,11.91
9/1/1963,1.65,2.59,2.9,3.82,5.23,6.04,6.47,6.59,7.58,11.81
10/1/1963,1.66,2.59,2.89,3.82,5.27,6.2,6.56,6.73,7.8,12.25
11/1/1963,1.6,2.56,2.86,3.79,5.2,6.15,6.52,6.67,7.73,12.04
12/1/1963,1.54,2.51,2.84,3.81,5.26,6.16,6.63,6.81,7.81,12
1/1/1964,1.61,2.58,2.95,3.91,5.37,6.34,6.85,7.07,7.95,12.42
2/1/1964,1.66,2.65,3.02,3.97,5.48,6.5,7.01,7.23,8.18,12.86
3/1/1964,1.68,2.73,3.15,4.09,5.66,6.69,7.23,7.46,8.46,13.28
4/1/1964,1.69,2.69,3.18,4.08,5.71,6.72,7.19,7.43,8.47,13.25
5/1/1964,1.66,2.7,3.2,4.12,5.74,6.82,7.31,7.52,8.6,13.58
6/1/1964,1.66,2.72,3.22,4.17,5.81,6.94,7.43,7.61,8.71,13.73
7/1/1964,1.71,2.78,3.33,4.3,6.03,7.17,7.64,7.83,9.01,14.06
8/1/1964,1.69,2.78,3.34,4.31,6,7.1,7.61,7.75,8.92,13.94
9/1/1964,1.76,2.85,3.54,4.47,6.16,7.26,7.89,8.08,9.24,14.61
10/1/1964,1.77,2.88,3.63,4.52,6.34,7.34,8.1,8.29,9.49,15.01
11/1/1964,1.72,2.87,3.66,4.57,6.44,7.35,8.22,8.28,9.52,15.01
12/1/1964,1.67,2.86,3.61,4.53,6.38,7.29,8.18,8.17,9.39,14.73
1/1/1965,1.85,3.06,3.83,4.77,6.76,7.78,8.72,8.66,9.98,15.87
2/1/1965,1.92,3.17,3.95,4.85,7,8.02,9.03,8.91,10.34,16.54
3/1/1965,1.95,3.25,3.99,4.91,6.97,8.02,9.08,9.07,10.49,16.95
4/1/1965,2.01,3.37,4.16,5.09,7.21,8.35,9.44,9.53,11.08,17.81
5/1/1965,1.98,3.33,4.12,5.05,7.12,8.32,9.42,9.53,11,17.96
6/1/1965,1.8,3.1,3.86,4.7,6.69,7.71,8.63,8.69,9.93,15.98
7/1/1965,1.81,3.14,3.95,4.81,6.87,7.88,8.88,9.05,10.39,16.81
8/1/1965,1.88,3.27,4.09,4.94,7.07,8.13,9.25,9.51,10.96,17.76
9/1/1965,1.89,3.31,4.19,5.08,7.24,8.3,9.58,9.9,11.5,18.49
10/1/1965,2.02,3.5,4.34,5.3,7.54,8.8,10.09,10.49,12.24,20.14
11/1/1965,2.09,3.64,4.4,5.46,7.81,9.24,10.71,10.91,13.05,22.01
12/1/1965,2.2,3.79,4.54,5.61,8.16,9.59,11.2,11.39,13.47,23.06
1/1/1966,2.38,4.01,4.7,5.85,8.62,10.11,11.85,12.05,14.54,25.21
2/1/1966,2.45,4,4.73,5.92,8.76,10.32,12.23,12.38,15.13,27.49
3/1/1966,2.44,3.95,4.66,5.86,8.62,10.16,12.17,12.22,14.9,27.73
4/1/1966,2.44,3.97,4.75,6.08,8.93,10.65,12.92,12.96,15.95,30.39
5/1/1966,2.24,3.75,4.51,5.76,8.29,9.84,11.8,11.81,14.22,25.83
6/1/1966,2.2,3.7,4.44,5.71,8.26,9.66,11.68,11.86,14.27,26.15
7/1/1966,2.15,3.7,4.39,5.65,8.15,9.45,11.52,11.63,14.04,25.61
8/1/1966,1.91,3.36,4.05,5.16,7.44,8.57,10.35,10.38,12.5,22.49
9/1/1966,1.88,3.33,4.02,5.07,7.36,8.44,10.16,10.13,12.24,21.91
10/1/1966,1.83,3.41,4.13,5.15,7.47,8.45,10.12,9.97,11.87,20.37
11/1/1966,1.92,3.5,4.16,5.21,7.6,8.78,10.39,10.23,12.56,22.32
12/1/1966,1.92,3.53,4.25,5.29,7.69,8.87,10.62,10.47,12.75,23.1
1/1/1967,2.48,4.24,5.08,6.08,8.92,10.01,11.94,11.75,14.53,26.58
2/1/1967,2.64,4.42,5.24,6.27,9.28,10.34,12.33,12.04,15.23,28.14
3/1/1967,2.76,4.65,5.52,6.65,9.83,10.78,13.22,12.7,16.23,30.64
4/1/1967,2.84,4.78,5.77,7,10.09,11.16,13.72,13.39,17.06,32.55
5/1/1967,2.81,4.79,5.78,6.96,10.14,10.94,13.43,13.44,16.8,32.02
6/1/1967,3.04,5.08,6.05,7.29,10.89,11.51,14.55,14.72,18.78,36.72
7/1/1967,3.38,5.55,6.52,7.78,11.63,12.45,15.88,15.94,20.15,39.96
8/1/1967,3.45,5.59,6.69,7.87,11.83,12.5,16.07,16.06,20.27,39.41
9/1/1967,3.61,5.81,7.02,8.19,12.58,13.21,17.1,17.12,22.24,42.53
10/1/1967,3.46,5.61,6.84,7.95,12.27,12.83,16.65,16.94,22.15,42.53
11/1/1967,3.48,5.56,6.9,7.9,12.13,12.9,16.84,17.04,21.99,42.63
12/1/1967,3.61,5.87,7.2,8.38,12.72,13.88,18.15,18.25,24.18,48.44
1/1/1968,3.66,5.91,7.41,8.5,13.18,14.26,18.6,18.74,24.76,49.81
2/1/1968,3.48,5.74,7.25,8.21,12.63,13.53,17.74,17.6,23.17,45.14
3/1/1968,3.39,5.69,7.13,8.17,12.59,13.4,17.39,17.51,23.1,44.86
4/1/1968,3.87,6.2,7.84,8.98,13.94,15.01,19.64,20.02,26.93,53.9
5/1/1968,4.16,6.49,8.38,9.62,14.86,16.13,21.18,21.79,29.91,62.37
6/1/1968,4.21,6.72,8.62,9.8,15.25,16.51,21.57,21.9,30.48,62.47
7/1/1968,3.98,6.55,8.43,9.44,15,16.17,21.11,21.34,29.58,61.01
8/1/1968,4.01,6.64,8.66,9.65,15.52,16.74,21.85,22.2,31.02,64.95
9/1/1968,4.34,7.06,9.24,10.14,16.37,17.57,23.01,23.71,33.26,71.19
10/1/1968,4.34,7.16,9.41,10.21,16.69,17.76,23.56,23.79,34.02,70.54
11/1/1968,4.68,7.63,10.15,10.86,18.15,18.93,25.07,25.18,36.43,76.65
12/1/1968,4.6,7.64,10.1,10.96,18.3,19.16,25.34,25.35,36.87,77.34
1/1/1969,4.55,7.68,10.13,10.88,18.32,18.98,25.23,25.16,36.9,76.72
2/1/1969,4.08,7.15,9.5,10.14,17.05,17.59,23.1,23.02,33.66,68.17
3/1/1969,4.06,7.13,9.55,10.17,17.2,17.8,23.65,23.73,34.84,71.68
4/1/1969,4.02,7.15,9.52,10.18,17.13,18.05,23.87,23.87,35.23,72.29
5/1/1969,3.96,7.17,9.49,10.16,17.43,18.06,23.83,24.03,35.26,74.08
6/1/1969,3.42,6.3,8.45,9.09,15.72,16.47,21.48,21.75,31.36,63.89
7/1/1969,2.99,5.57,7.65,8.4,14.62,15.25,19.84,19.88,28.44,57.37
8/1/1969,3.14,5.82,8.02,8.68,15.15,15.83,20.68,20.86,30.33,62.15
9/1/1969,3,5.6,7.76,8.48,14.86,15.39,20.29,20.36,30,61.57
10/1/1969,3.46,6.21,8.53,9.11,15.97,16.59,21.67,21.76,32.21,65.87
11/1/1969,3.15,5.76,7.94,8.7,14.97,15.61,20.68,20.99,31.2,64.35
12/1/1969,2.75,5.18,7.26,7.94,13.97,14.77,19.94,20.18,30.6,62.98
1/1/1970,2.73,5.13,7.07,7.64,13.31,13.93,18.98,18.94,28.28,58.98
2/1/1970,2.81,5.3,7.39,7.97,13.98,14.62,19.91,20,30.05,61.42
3/1/1970,2.7,5.15,7.26,7.87,13.88,14.63,19.71,19.81,29.28,58.23
4/1/1970,2.14,4.24,6.05,6.67,11.91,12.85,17.56,17.04,24.81,47.94
5/1/1970,1.98,3.84,5.53,6.08,10.64,11.65,16.13,15.37,22.57,43.33
6/1/1970,1.74,3.42,5.03,5.68,9.95,10.88,15.21,14.69,22.07,42.46
7/1/1970,1.81,3.59,5.37,6.08,10.61,11.62,16.31,15.66,23.44,44.6
8/1/1970,1.98,3.92,5.72,6.49,11.18,12.26,17.1,16.34,24.13,45.85
9/1/1970,2.45,4.62,6.56,7.28,12.27,13.13,18.07,17.22,25.39,49.4
10/1/1970,2.12,4.11,6.07,6.96,11.78,12.95,17.8,16.96,25.54,48.91
11/1/1970,2.01,4.04,6.02,6.99,12.01,13.26,18.45,17.72,26.63,50.98
12/1/1970,2.14,4.42,6.52,7.6,13.18,14.57,20.04,19.08,28.58,54.42
1/1/1971,2.6,5.24,7.72,8.64,14.46,16.07,21.86,20.56,30.58,58.25
2/1/1971,2.83,5.47,8.05,8.95,15,16.59,22.43,20.97,31.23,61.44
3/1/1971,2.98,5.79,8.53,9.57,15.73,17.54,23.18,22.26,32.79,65.67
4/1/1971,3.01,5.92,8.83,9.88,16.16,17.88,23.78,23,34.2,67.59
5/1/1971,2.8,5.62,8.38,9.35,15.28,17.13,22.78,21.75,32.6,65.12
6/1/1971,2.67,5.47,8.23,9.09,15.06,16.87,22.41,21.5,32.69,65.68
7/1/1971,2.49,5.26,7.95,8.71,14.33,16.07,21.26,20.2,30.51,60.65
8/1/1971,2.52,5.37,8.06,9.01,14.95,16.99,22.45,21.33,32.22,65.26
9/1/1971,2.42,5.31,7.88,8.94,14.74,17.07,22.34,21.39,32.39,66.71
10/1/1971,2.24,4.99,7.41,8.54,14.05,16.16,21.04,20.23,30.57,63.01
11/1/1971,2.13,4.77,7.11,8.31,13.68,15.74,20.42,19.79,29.85,61.55
12/1/1971,2.42,5.37,7.91,9.23,15.17,17.57,22.57,22.18,33.11,69.43
1/1/1972,2.83,5.99,8.86,9.98,16.61,18.89,24.31,23.93,36.12,76.33
2/1/1972,2.96,6.25,8.97,10.25,17.13,19.46,25.96,25.05,37.79,81.03
3/1/1972,2.9,6.22,8.91,10.34,17.2,19.53,26.1,25.06,38.09,82.14
4/1/1972,2.81,6.25,8.81,10.38,17.31,19.57,26.38,25.27,38.76,84.36
5/1/1972,2.68,6.07,8.53,10.13,17,19.19,26.05,24.87,38.84,85.06
6/1/1972,2.54,5.83,8.25,9.83,16.61,18.62,25.12,23.97,37.66,82.75
7/1/1972,2.41,5.64,8.01,9.58,16.19,18.17,24.72,23.28,36.9,80.22
8/1/1972,2.43,5.85,8.2,9.88,16.49,18.53,24.87,23.53,37.37,79.04
9/1/1972,2.3,5.62,7.99,9.69,16.08,17.83,24.29,22.8,36.37,77.08
10/1/1972,2.22,5.47,7.94,9.62,16.07,17.64,24.39,22.39,35.95,76.24
11/1/1972,2.33,5.79,8.46,10.21,16.91,18.54,25.75,23.26,37.67,78.65
12/1/1972,2.18,5.55,8.19,10.01,16.57,18.16,25.64,23.11,37.62,79.88
1/1/1973,2.08,5.36,7.86,9.67,15.98,17.38,24.7,21.97,36.3,76.56
2/1/1973,1.9,4.91,7.22,9.04,15.07,16.43,23.13,20.65,33.81,69.94
3/1/1973,1.81,4.73,7.03,8.82,14.61,15.96,22.48,20.28,33.37,70.71
4/1/1973,1.59,4.29,6.48,8.18,13.57,15.06,21.64,19.57,31.97,67.05
5/1/1973,1.4,3.82,5.78,7.34,12.6,13.92,20.4,18.8,30.89,64.51
6/1/1973,1.31,3.62,5.57,7.13,12.16,13.67,19.87,18.73,30.36,63.58
7/1/1973,1.57,4.21,6.37,8,13.78,14.96,21.64,20.05,31.52,68.42
8/1/1973,1.42,3.88,6.05,7.6,13.22,14.48,20.95,19.57,31.05,67.59
9/1/1973,1.55,4.25,6.62,8.38,14.49,15.97,22.71,21.01,33.44,73.43
10/1/1973,1.5,4.2,6.52,8.44,14.61,16.02,22.91,21.07,34.41,77.04
11/1/1973,1.14,3.3,5.19,6.91,12.08,13.62,19.53,18.15,29.03,66.22
12/1/1973,1.01,2.99,4.91,6.58,11.76,13.32,19.35,18.29,30.32,70.68
1/1/1974,1.27,3.59,5.68,7.4,13.26,14.77,20.83,19.74,32.31,73.76
2/1/1974,1.26,3.63,5.78,7.5,13.52,14.85,20.92,20.1,32.5,73.59
3/1/1974,1.29,3.75,5.89,7.56,13.67,14.89,20.83,20.08,32.21,71.31
4/1/1974,1.2,3.52,5.58,7.2,12.91,14.11,19.85,19.3,30.84,67.55
5/1/1974,1.1,3.25,5.16,6.7,12.05,13.23,18.69,17.99,28.72,62.24
6/1/1974,1.06,3.1,4.97,6.48,11.67,12.87,18.06,17.59,28.17,61.35
7/1/1974,0.98,2.93,4.72,6.14,11.11,12.3,17.02,16.75,26.84,58.8
8/1/1974,0.88,2.67,4.29,5.64,10.19,11.19,15.76,15.59,24.93,55.52
9/1/1974,0.78,2.44,3.9,5.23,9.37,10.4,14.59,14.62,23.36,51.13
10/1/1974,0.85,2.66,4.27,5.75,10.2,11.13,15.87,15.88,25.24,57.71
11/1/1974,0.78,2.49,4.05,5.44,9.72,10.55,15.18,15.27,24.51,56.24
12/1/1974,0.7,2.23,3.71,5.05,8.91,9.82,14.23,14.3,22.98,53.11
1/1/1975,1.02,3.04,5.05,6.56,11.56,12.44,17.75,17.48,28.31,62.83
2/1/1975,1.08,3.26,5.34,6.9,12.25,13.04,18.84,18.38,29.59,66.55
3/1/1975,1.24,3.6,5.84,7.29,12.87,13.88,19.88,19.42,31.69,71.47
4/1/1975,1.27,3.69,6.05,7.44,13.26,14.3,20.57,20.15,33.33,76.37
5/1/1975,1.39,3.97,6.52,7.97,14.14,15.14,21.8,21.59,36.09,82.55
6/1/1975,1.52,4.23,7.01,8.51,15.12,16.42,23.28,23.05,38.37,88.11
7/1/1975,1.53,4.26,6.99,8.44,14.94,15.92,22.56,22.77,37.31,86.45
8/1/1975,1.45,4.06,6.72,8.07,14.25,15.11,21.4,21.66,35.22,82.41
9/1/1975,1.39,3.91,6.49,7.76,13.72,14.66,20.7,20.75,33.67,79.5
10/1/1975,1.38,3.96,6.61,7.94,14.06,15.08,21.31,21.24,34.66,81.79
11/1/1975,1.39,4.03,6.71,8.13,14.37,15.4,21.93,21.73,35.49,84.05
12/1/1975,1.39,4.05,6.7,8.09,14.24,15.34,21.85,21.44,35.19,82.58
1/1/1976,1.62,4.74,7.9,9.65,17.07,18.37,26.58,25.52,42.77,101.89
2/1/1976,1.88,5.29,8.7,10.45,18.61,19.81,29.01,28.04,46.66,112.5
3/1/1976,1.92,5.4,8.8,10.56,18.9,20.4,29.73,28.81,47.88,114.96
4/1/1976,1.92,5.39,8.74,10.58,18.75,20.42,29.42,28.7,47.55,112.81
5/1/1976,1.91,5.34,8.62,10.44,18.55,20.22,28.73,28,46.16,107.68
6/1/1976,1.94,5.49,8.96,10.74,19.16,20.74,29.58,28.81,47.96,110.78
7/1/1976,1.95,5.5,9.01,10.79,19.3,20.82,29.77,29,47.84,110.77
8/1/1976,1.89,5.4,8.91,10.79,19.18,20.63,29.39,28.71,47.06,107.93
9/1/1976,1.91,5.49,9.08,10.93,19.72,21.07,30.15,29.38,48.03,110.6
10/1/1976,1.85,5.44,8.9,10.67,19.26,20.7,29.65,28.66,47.26,108.04
11/1/1976,1.87,5.51,9.1,10.99,19.79,21.31,30.66,29.59,48.97,111.9
12/1/1976,2.1,6.07,10.04,11.97,21.4,23.27,33.6,32.36,53.85,122.64
1/1/1977,2.17,6.29,10.28,12.15,22.1,24.28,34.67,33.51,55.86,128.37
2/1/1977,2.17,6.3,10.31,12.14,22.08,24.12,35.05,33.39,56.33,129.76
3/1/1977,2.2,6.34,10.39,12.2,22.33,24.21,35.33,33.77,57.2,131.56
4/1/1977,2.21,6.33,10.49,12.32,22.7,24.72,36.18,34.66,58.65,135.48
5/1/1977,2.21,6.35,10.47,12.32,23.02,24.74,36.69,34.79,58.42,136.84
6/1/1977,2.3,6.68,11,12.98,24.31,25.98,38.41,36.67,62.1,146.44
7/1/1977,2.35,6.7,11.11,13.07,24.51,26.28,38.72,37.07,62.89,147.83
8/1/1977,2.33,6.72,11.07,13.04,24.27,26.04,38.35,37.12,62.65,148.22
9/1/1977,2.33,6.73,11.23,13.19,24.57,26.31,39.04,37.6,63.94,150.83
10/1/1977,2.26,6.57,10.97,12.87,23.94,25.99,38.33,36.77,62.75,146.32
11/1/1977,2.42,6.95,11.61,13.68,25.43,27.6,40.73,39.97,68.02,158.94
12/1/1977,2.45,7.01,11.71,13.78,26.02,28.05,41.45,40.69,70.06,163.87
1/1/1978,2.49,6.94,11.62,13.45,25.46,27.78,40.61,39.91,68.76,161.72
2/1/1978,2.52,7.12,11.78,13.8,26.06,28.4,41.55,41.24,71.45,166.3
3/1/1978,2.71,7.48,12.58,14.66,27.43,30.01,44.14,44.19,76.62,179.9
4/1/1978,2.95,8.09,13.5,15.86,29.18,31.87,47.15,47.91,83.61,196.04
5/1/1978,3.2,8.7,14.19,16.74,30.42,33.3,49.95,51.41,89.37,215.04
6/1/1978,3.19,8.76,14.38,16.86,30.58,33.54,50.19,52.16,90.21,219.34
7/1/1978,3.32,9.11,14.98,17.41,31.66,35.28,53.1,55.07,95.65,234.98
8/1/1978,3.63,9.71,16.05,18.49,34.12,38.03,57.34,59.71,105.72,265.15
9/1/1978,3.7,9.81,16.29,18.51,34.76,38.23,57.25,59.31,106.04,263.08
10/1/1978,3.12,8.52,14.46,16.02,29.85,31.94,46.73,47.87,82.77,195.1
11/1/1978,3.12,8.68,14.78,16.38,30.69,33.07,48.93,50.29,87.91,212.39
12/1/1978,3.13,8.73,14.74,16.29,31.05,33.54,49.75,51.03,89.45,217.93
1/1/1979,3.52,9.49,16.08,17.66,33.61,35.89,54.03,55.46,97.75,240.55
2/1/1979,3.48,9.28,15.85,17.35,32.96,35.27,53.18,54.58,95.73,232.23
3/1/1979,3.79,9.9,16.9,18.37,35.05,37.93,57.84,59.26,104.94,255.59
4/1/1979,3.94,10.01,17.2,18.69,36.07,38.54,59.63,60.5,108.02,264.97
5/1/1979,3.88,9.94,17.09,18.56,35.96,38.58,58.35,60.17,106.94,261.84
6/1/1979,4.09,10.42,17.85,19.54,37.83,40.29,61.88,63.55,113.93,277.84
7/1/1979,4.17,10.63,18.36,20.11,39,41.25,63.57,64.86,115.96,282.51
8/1/1979,4.52,11.55,19.51,21.54,41.66,44.09,67.34,69.71,125.75,306.27
9/1/1979,4.41,11.45,19.33,21.72,41.24,43.8,67.28,69.72,126.5,313.34
10/1/1979,3.92,10.31,17.54,19.9,37.41,39.91,61.31,63.73,114.6,284.48
11/1/1979,4.02,10.6,18.18,20.73,39.35,42.55,65.76,68.77,127.45,323.49
12/1/1979,4.24,11.12,18.86,21.51,41.04,45.05,70.39,73.77,138.26,361.62
1/1/1980,4.69,12.06,19.96,22.97,43.61,48.98,77.57,82.39,155.48,411.2
2/1/1980,4.62,11.78,19.53,22.29,42.56,47.46,75.85,81.92,155.73,425.39
3/1/1980,3.86,10.36,17.06,19.42,36.7,40.38,64.16,66.96,127.54,329.25
4/1/1980,4.03,11.03,17.97,20.34,38.05,42.1,67.89,70.61,135.78,352.37
5/1/1980,4.36,11.85,19.39,21.83,40.83,45.11,72.28,75.79,143.98,377.42
6/1/1980,4.54,12.33,20.15,22.7,42.42,46.87,74.88,78.78,152.46,397.69
7/1/1980,4.95,13.3,21.75,24.39,45.43,50.52,81.96,87.04,170.46,446.56
8/1/1980,5.32,13.92,22.71,25.45,47.53,52.7,86.79,93.87,184.8,490.99
9/1/1980,5.63,14.47,23.48,25.92,48.38,54.28,89.93,98.41,195,527.28
10/1/1980,5.78,14.66,23.59,26.24,49.3,55.8,92.95,103.08,208.52,573.84
11/1/1980,5.9,14.79,23.86,26.99,52,58.62,99.4,111.38,233.35,659.11
12/1/1980,5.73,14.57,23.69,26.5,50.72,57.19,97.42,106.26,223.95,622.13
1/1/1981,5.93,15,24.4,27.41,51.81,57.58,98.15,104.41,220.59,593.2
2/1/1981,5.97,15.31,24.61,28.03,52.38,58.44,98.87,105.82,220.94,586.15
3/1/1981,6.39,16.55,26.74,30.16,55.96,62.59,105.56,112.74,239.32,634.15
4/1/1981,6.57,16.88,27.56,30.97,57.84,64.06,109.74,114.53,248.51,657.8
5/1/1981,6.65,17.04,27.93,31.63,59.26,66.13,112.28,117.55,256.99,698.26
6/1/1981,6.58,17.25,28.42,31.87,59.47,66.13,112.32,117.24,252.33,675.22
7/1/1981,6.45,17.13,28.3,31.36,58.95,64.47,109.97,114.44,243.93,657.26
8/1/1981,5.87,16.04,27.04,30.02,55.39,60.51,102.82,108.13,225.86,592.52
9/1/1981,5.16,14.82,25.06,27.68,51.23,56.29,95.2,100.76,211.29,540.43
10/1/1981,5.44,15.8,26.36,29.04,54.62,60.36,101.42,108.11,228.34,595.29
11/1/1981,5.28,16.16,26.83,29.99,56.74,62.29,106.17,111.77,235.44,613.68
12/1/1981,4.99,15.63,26.64,29.54,55.99,62.42,105.01,110.72,231.34,602.02
1/1/1982,4.94,15.25,26.02,29.05,55.34,61.5,103.73,109.2,227.06,587.69
2/1/1982,4.57,14.57,24.93,27.76,53.56,59.81,102.18,106.8,222.07,569.59
3/1/1982,4.44,14.3,24.63,27.42,53.14,59.69,101.47,107.4,222.69,572.04
4/1/1982,4.69,15,26.17,28.74,55.92,63.38,106.04,112.52,235.74,600.65
5/1/1982,4.48,14.58,25.16,27.96,54.92,62.29,103.95,110.94,233.43,597.28
6/1/1982,4.12,13.88,24.53,27.14,54.01,61.27,102.63,109.46,231.91,593.4
7/1/1982,3.98,13.47,23.82,26.53,52.88,60.36,102.31,109.93,232.61,595.54
8/1/1982,4.23,14.54,25.75,28.52,56.13,63.75,107.98,116.74,246.87,629.18
9/1/1982,4.15,14.86,26.58,29.49,58.15,66.86,113.51,121.87,258.37,677.25
10/1/1982,4.63,16.92,29.84,32.88,65.75,75.59,128.5,136.98,289.25,794.76
11/1/1982,4.85,18.43,32.59,36.72,73.18,82.7,140.99,150.02,315.86,902.92
12/1/1982,4.99,18.81,33.38,37.18,74.11,84.48,143.99,153.31,322.02,931.64
1/1/1983,5.95,21.25,36.97,40.48,79.64,89.83,152.23,164.93,348.91,1032.16
2/1/1983,5.98,22.44,39.25,42.77,85.04,94.02,162.58,175.58,376.5,1112.46
3/1/1983,6.28,23.57,41.19,45.04,88.25,98.83,170.77,186.04,394.84,1180.77
4/1/1983,6.79,25.49,44.2,48.04,93.9,105.81,182.72,200.8,426.55,1309.12
5/1/1983,7.81,27.71,47.62,51.3,99.69,113.39,195.5,213.71,463.78,1435.84
6/1/1983,8.24,29,49.17,53.58,103.5,118.87,202.42,226.04,490.91,1507.63
7/1/1983,8.31,28.96,49.05,52.91,102.74,116.94,198.49,222.13,474.03,1444.61
8/1/1983,8.02,28.9,48.61,52.09,100.94,114.16,194.2,213.58,452.65,1359.52
9/1/1983,7.89,29.09,49.06,52.54,103.08,115.94,197.33,214.62,459.75,1354.77
10/1/1983,7.4,28.6,47.99,51.02,97.44,110.2,190.01,202.93,435.34,1231.62
11/1/1983,7.41,29.03,49.51,53.23,101.39,114.1,198.29,209.46,450.67,1283.1
12/1/1983,7.1,28.26,49.19,52.41,101.03,113.42,195.74,205.84,450.85,1246.4
1/1/1984,7.28,28.85,49.23,52.27,102.12,114.49,193.7,205.43,446.97,1231.82
2/1/1984,6.83,27.47,46.76,49.54,97.45,109.63,185.91,195.81,424.71,1147.19
3/1/1984,6.77,27.39,46.8,50.15,99.48,110.37,189.93,197.87,429.25,1176.45
4/1/1984,6.48,26.92,45.89,49.36,98.61,110.18,188.71,195.45,428.74,1162.68
5/1/1984,6.04,25.5,43.9,47.13,94.43,104.72,180.62,187.13,412.79,1114.43
6/1/1984,6.01,25.95,45.16,47.77,96.86,107.81,184.66,191.02,422.9,1137.61
7/1/1984,5.53,24.35,43.1,45.71,93.62,104.07,179.29,186.17,416.6,1116.22
8/1/1984,6.02,26.96,47.62,50.23,103.01,114.73,196.04,200.41,446.26,1201.28
9/1/1984,5.87,26.9,47.07,49.49,103.19,116.12,198.66,205.52,453.49,1222.54
10/1/1984,5.52,25.88,46.36,48.77,102.42,114.64,199.48,207.16,458.12,1226.45
11/1/1984,5.15,24.78,44.8,48.19,100.16,113.75,197.1,205.73,451.84,1194.2
12/1/1984,5.11,24.31,45.09,48.57,101.68,116.62,200.89,209.79,463.73,1214.14
1/1/1985,6.03,27.86,50.66,54.26,112.72,128.57,220.53,226.95,500.22,1312
2/1/1985,6.48,29.13,52.04,56.19,116.78,132.34,226.27,234.78,515.68,1380.75
3/1/1985,6.33,28.48,51.75,55.47,116.38,132,225.36,233.84,517.12,1379.09
4/1/1985,6.09,28.01,51,54.79,115.09,131.39,226.22,235.9,520.59,1387.92
5/1/1985,6.04,28.42,51.87,56.81,119.01,136.44,234.48,246.02,544.79,1453.01
6/1/1985,5.88,28.25,51.6,57.18,121.07,139.29,239.52,251.65,560.16,1492.1
7/1/1985,6,28.89,52.55,58.69,123.78,141.59,241.63,253.06,565.37,1515.23
8/1/1985,5.91,28.86,52.37,58.4,123.51,141.25,241.48,253.87,571.36,1512.8
9/1/1985,5.43,26.98,49.61,55.77,118.87,135.54,231.19,243.18,546.91,1425.36
10/1/1985,5.3,27.51,50.45,56.51,123,139.92,240.49,252.69,572.61,1501.05
11/1/1985,5.52,28.74,52.78,59.1,129.39,147.85,255.81,267.67,613.9,1605.52
12/1/1985,5.59,29.78,54.48,61.06,133.72,154.64,265.83,279.56,630.41,1664.93
1/1/1986,5.88,30.86,55.63,62.68,138.61,157.31,272.72,290.74,659.79,1761.99
2/1/1986,6.15,32.17,59.39,66.24,146.96,169.14,293.04,312.14,717.06,1896.78
3/1/1986,6.36,33.47,62.15,69.71,154.81,177.4,313.61,327.93,757.64,1998.64
4/1/1986,6.43,33.92,63.32,71.52,156.62,177.18,316.31,333.35,765.22,2042.21
5/1/1986,6.6,35.15,64.83,73.6,162.48,182.48,327.76,349.55,803.33,2175.16
6/1/1986,6.55,35.1,64.42,73.63,164.59,185.07,333.75,356.68,829.19,2227.58
7/1/1986,5.94,32.36,59.84,69.14,156.09,174.82,310.46,334.17,774.71,2023.76
8/1/1986,6.02,33.16,61.46,71.09,162.32,179.36,315.08,345.93,785.1,2043.39
9/1/1986,5.72,31.38,58.7,67.87,153.56,168.3,292.52,320.37,730.61,1858.46
10/1/1986,5.73,31.81,59.92,69.49,158,174.36,303.32,332.58,755.67,1942.84
11/1/1986,5.62,31.4,59.82,70.25,158.07,175.14,304.53,332.01,759.52,1910
12/1/1986,5.34,30.24,58.17,68.53,153.22,171.02,294.6,323.58,727.7,1834.75
1/1/1987,6.14,33.41,63.92,75.89,168.67,188.67,328.69,360.21,806.44,2065.56
2/1/1987,6.72,35.97,68.37,80.89,180.15,201.6,348.71,378.65,859.5,2231.42
3/1/1987,6.95,36.97,70.1,83.05,184.84,206.8,356.87,393.15,882.62,2337.64
4/1/1987,6.79,36.02,68.62,80.52,179.85,201.38,347.48,388.43,867.97,2345.59
5/1/1987,6.88,35.94,68.25,80.58,179.72,201.36,350.02,387.73,867.71,2366.46
6/1/1987,6.99,36.58,69.76,83.7,187.18,208.15,361.78,400.02,889.05,2418.05
7/1/1987,7.2,37.71,71.36,86.32,193.79,218.41,374.8,415.95,932.97,2580.55
8/1/1987,7.21,38.75,72.78,89.18,198.24,225.94,380.61,426.97,949.11,2608.16
9/1/1987,7.05,38.11,72.27,88.41,193.84,225.72,377.07,418.51,934.78,2593.03
10/1/1987,5.03,28.92,54.25,65.43,143.99,163.56,272.66,300.03,656.87,1751.33
11/1/1987,4.55,27.52,52.02,63.37,138.23,155.84,263.93,287.55,631.25,1655.71
12/1/1987,4.4,28.11,54.07,65.77,143.96,163.41,275.23,309.46,666.73,1779.89
1/1/1988,5.01,30.81,58.83,71.19,154.4,174.46,291.17,324.75,689.2,1853.4
2/1/1988,5.32,33.28,63.52,75.49,165.44,184.68,307.33,343.68,735.51,1964.05
3/1/1988,5.56,34.31,65.68,77.96,171.1,188.39,317.5,353.27,765.38,2051.64
4/1/1988,5.62,34.55,66.25,79.03,174.16,190.43,321.53,358.11,776.01,2109.7
5/1/1988,5.48,33.8,64.81,77.74,171.81,187.93,317.22,357.11,767.63,2084.39
6/1/1988,5.68,35.69,68.73,82.04,178.58,198.4,333.81,377.93,806.86,2196.11
7/1/1988,5.74,35.37,68.55,81.28,177.88,197.74,330.68,381.18,806.21,2192.16
8/1/1988,5.56,34.55,67.09,79.56,174.56,195.17,323.4,374.32,787.91,2145.68
9/1/1988,5.61,35.23,68.5,80.97,178.94,200.29,330.74,383.41,806.43,2203.62
10/1/1988,5.33,34.92,67.93,80.21,177.72,199.19,330.97,385.98,812.64,2198.11
11/1/1988,5,33.39,66.4,77.94,171.8,191.68,323.13,372.7,788.67,2117.44
12/1/1988,5.03,33.86,67.91,80.27,174.83,195.91,331.92,384.37,815.56,2200.86
1/1/1989,5.47,35.72,71.43,84.4,183.36,205.61,348.51,408.55,869.39,2336.66
2/1/1989,5.46,35.98,72.32,85.23,183.49,205.53,351.48,410.34,868.86,2369.14
3/1/1989,5.45,36.46,73.73,85.92,186.9,211.49,356.71,422.53,891.8,2444.48
4/1/1989,5.56,37.51,75.6,88.74,193.2,218.74,372.69,438.8,929.61,2556.68
5/1/1989,5.64,38.66,77.93,92.03,200.4,224.93,385.78,455.52,959.92,2653.57
6/1/1989,5.51,38.12,77.05,92.21,199.2,225.36,386.36,452.83,947.73,2597.58
7/1/1989,5.49,38.7,78.58,95.36,206.81,233.86,401.31,473.25,1000.52,2753.44
8/1/1989,5.49,39.17,80.16,97.39,214.13,240.87,409.98,488.25,1027.63,2848.98
9/1/1989,5.45,39.1,79.9,97.47,214.05,243.59,409.24,493.14,1040.68,2890.86
10/1/1989,5.08,36.8,76.79,93.92,202.94,232.24,394.55,470.31,996.77,2731
11/1/1989,4.84,35.79,75.85,94.3,202.45,233.22,401.65,472.28,1004.54,2748.48
12/1/1989,4.55,35.34,74.27,93.36,201.92,233.15,405.5,472.38,1017.5,2735.28
1/1/1990,4.46,33.48,71.06,89.01,191.58,219.74,378.94,442.99,939.97,2520.84
2/1/1990,4.59,34.01,71.33,89.75,193.75,224.64,385.57,450.92,958.95,2606.55
3/1/1990,4.69,34.55,73.04,91.52,195.26,230.35,395.64,466.48,981.49,2718.89
4/1/1990,4.55,33.54,71.72,88.47,189.52,224.22,381.39,448.99,958.52,2680.28
5/1/1990,4.69,34.61,74,91.14,195.49,234.6,404.77,477.72,1031.27,2907.84
6/1/1990,4.63,35.01,73.77,90.8,196.82,235.42,409.79,478.49,1038.7,2962.21
7/1/1990,4.43,33.41,70.6,87.42,192.61,230.41,399.38,469.97,1022.18,2870.98
8/1/1990,3.84,29.24,63.35,78.07,173.92,207.81,356.05,421,902.49,2512.68
9/1/1990,3.41,26.35,57.66,71.48,161.04,196.5,340.28,395.95,835.7,2303.37
10/1/1990,3.04,24.03,54.23,66.73,153,188.9,329.15,386.17,807.04,2192.12
11/1/1990,3.16,24.94,56.05,70.37,159.23,196.62,345.12,398.41,844.08,2262.49
12/1/1990,2.89,24.58,56.15,70.61,164.04,201.54,347.12,410.04,860.12,2291.22
1/1/1991,3.47,27.57,61.02,76.33,174.62,211.19,365.58,426.28,911.9,2480.93
2/1/1991,4.41,31.59,67.58,83.2,191.76,232.8,395.12,461.54,1013.85,2767.23
3/1/1991,5.01,34.25,71.12,87.52,201.85,245.41,414.92,493.57,1104.99,3061.39
4/1/1991,5.27,35.65,73.75,89.47,209.62,251.45,422.72,500.53,1124,3104.25
5/1/1991,5.28,36.69,76.17,92.37,217.13,259.82,433.75,519.29,1165.92,3289.57
6/1/1991,5.03,35.79,73.83,89.14,211.16,252.39,419.35,504.65,1120.8,3127.73
7/1/1991,5.22,36.41,75.18,92.02,217.11,258.17,434.15,520.3,1178.63,3328.21
8/1/1991,5.35,37.53,76.37,94.15,222.45,264.11,447.18,539.81,1233.44,3485.64
9/1/1991,5.34,37.76,76.43,95.59,225.25,263.64,443.74,544.66,1249.6,3589.51
10/1/1991,5.46,37.87,77.44,97.29,228.05,266.88,453.1,558.39,1281.71,3799.86
11/1/1991,5.3,36.82,76.5,96.01,227.25,261.38,442.54,541.92,1250.31,3638.36
12/1/1991,5.13,37.33,78.74,99.32,234.27,273.09,468.65,576.65,1331.08,3976.37
1/1/1992,6.98,43.53,88.14,110.81,256.11,295.43,513.69,638.18,1501.73,4640.82
2/1/1992,7.69,46.47,93.26,116.93,267.55,309.4,533.26,666.97,1595.13,4813.45
3/1/1992,7.64,46.95,93.25,115.92,267.61,308.66,524.51,656.36,1578.7,4680.6
4/1/1992,7.24,45.49,90.58,115.24,263.83,304.59,513.66,640.28,1540.5,4411.47
5/1/1992,7.3,46.24,90.54,115.77,268.05,306.08,513.66,651.55,1554.06,4385
6/1/1992,6.87,43.87,86.37,112.53,260.68,296.38,499.33,630.7,1504.95,4183.29
7/1/1992,6.87,44.52,89.1,114.65,267.1,304.94,519.8,650.69,1554.46,4343.09
8/1/1992,6.6,43.37,86.04,112.6,265.63,300.21,512.05,639.24,1516.22,4182.4
9/1/1992,6.58,43.94,85.8,113.32,270.17,305.53,524.96,649.4,1558.83,4277.34
10/1/1992,6.64,44.29,86.61,114.95,276.65,313.11,535.77,665.64,1588.91,4440.73
11/1/1992,7.18,47.62,92.34,121.93,292.37,332.08,568.88,703.45,1715.39,4816.42
12/1/1992,7.36,49.21,94.12,124.67,301.52,341.71,597.21,729.76,1816.6,5137.67
1/1/1993,8.16,51.22,99.48,129.76,313.88,358.39,642.12,778.8,1928.5,5640.14
2/1/1993,7.88,50.44,97.89,127.69,313.79,358.67,653.17,778.64,1920.98,5613.63
3/1/1993,7.92,51.75,100.48,129,322.42,371.51,672.76,810.56,1997.05,5914.52
4/1/1993,7.76,50.69,98,126.87,316.23,362.89,668.46,797.03,1963.1,5832.9
5/1/1993,8.18,52.92,103.13,131.75,328.46,372.11,687.98,828.43,2010.41,6097.13
6/1/1993,8.18,52.87,103.76,135.19,329.71,378.51,697.74,849.72,2062.88,6251.39
7/1/1993,8.26,52.78,104.05,137.11,332.25,386.99,710.37,875.72,2099.19,6385.79
8/1/1993,8.52,54.07,108.18,141.44,339.13,402.51,737.51,912.77,2205.2,6814.28
9/1/1993,8.64,54.92,109.16,144.82,351.27,410.76,764.65,940.79,2287.45,7163.17
10/1/1993,9.25,57.8,113.72,150.17,356.89,424.11,790.73,969.01,2372.54,7478.35
11/1/1993,9.03,57.06,111.81,147.57,349.72,414.48,768.51,949.05,2298.76,7213.61
12/1/1993,8.87,57.26,112.16,151.63,357.27,421.94,789.64,966.32,2355.31,7381.69
1/1/1994,9.57,59.9,117.11,157.57,367.42,437.51,817.67,1004.11,2482.73,7752.99
2/1/1994,9.56,59.75,116.35,156.17,366.72,434.49,816.36,997.08,2468.58,7635.92
3/1/1994,9.22,57.67,111.84,150.67,352.45,417.98,782.16,956.6,2364.65,7151.04
4/1/1994,8.74,56.81,111.99,148.4,349.91,418.86,786.69,959.75,2350.46,7137.45
5/1/1994,8.77,56.99,111.76,148.86,349.67,421.5,792.44,955.15,2361.04,6974.72
6/1/1994,8.34,55.67,108.45,145.82,345.44,418.84,773.82,939.48,2329.4,6708.28
7/1/1994,8.34,56.27,109.72,148.05,350.14,425.59,787.59,959.59,2386.01,6862.58
8/1/1994,8.7,58.5,112.99,153.47,363.27,439.8,820.2,1000.94,2484.07,7156.98
9/1/1994,8.82,58.68,112.77,152.64,364.76,438.92,824.21,1007.45,2506.92,7350.22
10/1/1994,8.67,58.58,112.4,152.44,365.7,437.65,826.11,1009.67,2532.5,7524.42
11/1/1994,8.1,56.05,108.68,147.4,352.47,419.84,796.7,975.54,2439.05,7265.58
12/1/1994,7.61,54.43,107.73,146.69,353.63,422.61,797.42,984.71,2469.05,7381.83
1/1/1995,8.21,56.45,111.3,151.19,359.04,429.41,812.97,1006.57,2503.12,7481.48
2/1/1995,8.38,58.41,115.17,156.33,370.96,444.36,837.52,1044.42,2593.48,7788.22
3/1/1995,8.47,58.88,118.08,160.4,375.86,450.93,851.09,1065.1,2651.84,8018.75
4/1/1995,8.64,60.46,120.21,163.27,384.61,461.66,873.47,1092.26,2715.21,8302.62
5/1/1995,8.71,61.4,125.05,166.66,393.77,471.5,893.56,1115.85,2770.88,8509.35
6/1/1995,9.28,63.52,130.08,173.5,407.39,491.72,922.06,1170.08,2925.77,9271.79
7/1/1995,9.92,65.72,135.21,179.97,429.23,512.92,963.74,1231.16,3101.31,10131.29
8/1/1995,10.28,67.66,137.6,188.39,447.9,532.15,1002.97,1278.56,3242.11,10472.71
9/1/1995,10.51,69.1,140.93,193.06,460.89,550.41,1030.15,1317.68,3344.24,10893.71
10/1/1995,9.49,65.39,136.21,187.64,452.59,539.23,1005.53,1273.01,3273.01,10390.42
11/1/1995,9.15,66.14,139.59,192.24,463.59,558.97,1034.89,1310.57,3368.91,10725
12/1/1995,8.88,65.93,141.09,194.08,474.67,569.36,1060.14,1341.76,3451.11,10994.19
1/1/1996,9.54,67.97,144.83,198.37,483.5,583.26,1077.31,1364.3,3482.17,11148.11
2/1/1996,10.09,70.2,149.26,205.14,494.28,597.37,1112.43,1399.36,3616.58,11608.53
3/1/1996,10.53,73.01,153.7,210.51,504.22,604.78,1133.79,1439.66,3698.31,11928.92
4/1/1996,11.39,77.02,161.78,220.09,517.68,626.73,1166.9,1500.56,3906.53,13114.66
5/1/1996,12.49,83.3,171.02,231.86,536.68,659.82,1213.92,1581.89,4188.97,14230.72
6/1/1996,11.83,81.38,166.52,230.01,527.29,647.62,1201.66,1551.52,4056.18,13409.6
7/1/1996,10.52,75.28,156.31,216.78,498.55,607.79,1132.21,1453.62,3785.23,11730.72
8/1/1996,10.94,78.37,161.78,226.19,516.55,629.12,1181.23,1522.52,3944.21,12524.89
9/1/1996,11.04,79.66,166.48,233.68,531.84,646.11,1220.8,1575.96,4064.9,13305.19
10/1/1996,10.31,76.89,164.71,234.61,535.24,650.44,1229.35,1566.35,4049.86,13017.8
11/1/1996,10.48,79.29,168.58,242.59,558.47,671.45,1282.46,1628.85,4152.32,13180.52
12/1/1996,9.72,79.08,170.47,246.23,567.29,685.21,1293.36,1666.47,4191.77,13346.6
1/1/1997,10.93,84.54,178.6,259.82,594.64,711.18,1345.22,1738.63,4369.92,14118.03
2/1/1997,10.61,83.29,178.3,261.85,602.37,716.52,1362.04,1740.02,4333.65,13327.42
3/1/1997,9.69,79.63,171.17,252.24,585.02,697.74,1315.59,1674.42,4144.27,12710.36
4/1/1997,9.15,77.47,167.26,248.43,587.77,696.56,1314.14,1666.89,4135.57,12639.18
5/1/1997,10.15,85.24,180.95,268.75,628.09,749.42,1412.57,1807.07,4435.81,13860.13
6/1/1997,10.3,88.81,189.83,281.76,660.88,786,1494.22,1923.63,4712.6,14741.63
7/1/1997,10.62,92.51,200.69,296.97,690.02,837.4,1582.38,2039.24,5053.79,16084.6
8/1/1997,11.17,95.3,205.59,303.09,703.06,855.32,1658.81,2072.68,5182.67,16715.11
9/1/1997,12.13,104.3,221.52,328.79,756.99,924.43,1790.19,2241.61,5676.57,18374.92
10/1/1997,11.77,102.57,217.84,323.43,742.75,912.88,1781.06,2219.86,5634,17529.68
11/1/1997,10.93,100.75,217.14,322.04,746.91,920.27,1794.24,2242.95,5619.35,17270.24
12/1/1997,9.48,95.59,211.56,320.04,747.44,929.47,1841.24,2298.8,5738.48,17195.98
1/1/1998,10.14,96.82,210.76,321.8,741.83,919.43,1837.93,2286.61,5662.73,17123.75
2/1/1998,10.76,102.64,224.4,344.91,787.82,980.58,1952.43,2429.98,6056.86,18200.84
3/1/1998,11.2,107.71,233.87,361.57,825.64,1042.06,2048.3,2553.91,6330.63,19396.63
4/1/1998,11.68,111.19,238.05,369.27,846.78,1055.09,2090.49,2590.69,6440.78,19897.06
5/1/1998,10.94,106.88,228.96,355.2,815.7,1019.85,2018.16,2501.05,6171.56,18876.34
6/1/1998,10.09,101.49,217.78,344.72,802.89,998.43,2013.72,2502.05,6144.4,19180.25
7/1/1998,9.41,93.62,201.91,330.18,753.11,944.31,1906.99,2383.46,5888.18,18271.11
8/1/1998,7.07,73.11,161.41,270.12,625.24,783.69,1612.75,1982.8,4845.39,14218.58
9/1/1998,7.23,75.15,170.49,277.38,646.62,814.25,1662.42,2066.27,5096.86,15437.11
10/1/1998,7.77,77.49,176.19,287.12,664.79,835.75,1704.14,2111.94,5203.89,15796.79
11/1/1998,8.63,84.46,189.14,310.75,709.73,878.79,1818.32,2244.14,5459.41,17425.44
12/1/1998,8.47,85.42,191.08,312.15,731.94,911.21,1896.87,2326.73,5847.57,19075.63
1/1/1999,10.02,93.85,203.03,321.67,746.8,923.15,1901.24,2352.56,6010.72,20735.21
2/1/1999,9.57,88.65,193.12,306.94,709.01,887.42,1811.88,2214.23,5648.27,19762.73
3/1/1999,9.66,85.75,186.82,299.91,694.69,856.72,1751.72,2204.93,5478.26,20462.33
4/1/1999,10.77,95.73,206.14,324.86,744.43,915.75,1855.95,2341.41,5848.04,22326.45
5/1/1999,11.54,101.85,215.5,338.8,766.09,939.74,1893.63,2397.6,5973.19,22449.25
6/1/1999,11.65,106.29,222.78,348.11,795.59,970,1980.17,2505.02,6357.26,23980.29
7/1/1999,11.95,106.11,225.75,352.32,793.92,970.39,2011.45,2503.26,6382.06,24296.83
8/1/1999,11.2,102.23,219.13,341.37,771.61,942.93,1938.04,2429.17,6255.05,24000.4
9/1/1999,10.75,97.85,211.95,332.8,750.62,917.94,1885.51,2419.45,6169.36,24662.82
10/1/1999,10.16,94.67,209.42,329.2,757.68,928.22,1889.47,2429.61,6174.3,25772.64
11/1/1999,11.52,102.15,220.48,344.87,781.01,969.06,1978.85,2641.72,6685.53,30468.42
12/1/1999,12.7,107.98,229.45,351.39,814.67,991.25,2037.22,2878.94,7305.94,36814.99
1/1/2000,14.92,114.51,234.55,353.61,836.34,1027.83,2048.22,2911.48,7864.85,39557.71
2/1/2000,17.27,122.67,242.5,369.06,872.48,1071.92,2194.47,3299.87,9325.35,51963
3/1/2000,17.16,125.63,248.76,374.71,893.94,1104.4,2259.86,3430.21,9636.82,50128.71
4/1/2000,15.21,118.73,241.09,369.68,887.77,1073.92,2182.12,3299.52,8839.85,41456.44
5/1/2000,13.87,113.65,233.31,363.4,874.36,1054.05,2144.37,3208.78,8512.78,36444.36
6/1/2000,14.29,116.87,235.9,368.63,886.52,1068.18,2177.61,3368.26,9207.42,44542.29
7/1/2000,13.93,114.97,234.74,370.26,882.26,1078.65,2215.28,3412.05,9050.9,41486.69
8/1/2000,14.6,119.92,243.17,384.36,916.85,1119.1,2314.3,3601.76,9779.49,47315.57
9/1/2000,12.83,113.08,233.93,381.67,914.56,1122.68,2286.3,3570.42,9505.67,45105.94
10/1/2000,11.4,104.95,225.41,372.13,885.29,1100.9,2196.91,3421.53,9097.87,40902.06
11/1/2000,8.81,92.9,208.28,347.42,851.91,1032.64,2033.68,3158.08,8213.56,33126.58
12/1/2000,7.52,88.85,206.51,356.63,880.79,1053.19,2091.03,3249.98,8616.03,34733.22
1/1/2001,12.39,115.99,246.72,405.73,983.32,1142.82,2258.1,3443.68,9067.5,36313.58
2/1/2001,10.35,108.24,237.44,398.19,961.59,1131.28,2208.87,3348.63,8881.62,34294.55
3/1/2001,8.78,101.52,232.17,392.57,935.62,1121.21,2173.53,3277.3,8749.28,33845.29
4/1/2001,9.79,110.43,244.99,413.18,978.94,1176.48,2259.6,3406.76,9187.62,36793.21
5/1/2001,10.5,118.65,261.96,436.11,1046.49,1241.07,2416.87,3615.25,9690.19,39637.33
6/1/2001,10.3,121.12,270.03,447.76,1068.68,1281.53,2478.5,3719.01,9968.3,40794.74
7/1/2001,9.36,118.18,265.87,443.77,1073.38,1295.5,2510.47,3778.88,10082.93,41092.54
8/1/2001,8.53,113.56,260.05,439.43,1058.24,1294.59,2497.42,3730.89,9937.74,39884.42
9/1/2001,6.79,96.09,224.92,391.84,963.64,1185.07,2272.15,3419.36,9165.57,36478.29
10/1/2001,7.94,101.82,235.62,416.48,1005.65,1231.88,2324.41,3562.29,9402.05,39276.17
11/1/2001,9.17,108.47,252.83,439.55,1072.13,1297.91,2461.32,3749.67,9800.69,41597.4
12/1/2001,10.04,115.35,270.5,461.27,1135.81,1365.01,2564.94,3964.9,10321.11,44001.72
1/1/2002,10.17,114.44,273.07,465.47,1168.98,1380.57,2609.57,4093.76,10696.8,45431.78
2/1/2002,8.9,109.69,268.13,463.93,1148.05,1386.23,2636.45,4046.68,10719.26,44482.26
3/1/2002,9.8,120.51,288.5,496.13,1234.04,1481.33,2816.52,4298.79,11558.58,48387.8
4/1/2002,9.24,118.87,285.99,493.75,1249.46,1515.69,2891.72,4445.38,11907.65,48741.03
5/1/2002,8.47,113.65,281.33,488.36,1241.97,1488.41,2907.91,4383.14,11938.61,48892.13
6/1/2002,7.12,103.24,262.93,456.42,1184.84,1440.04,2819.8,4264.36,11730.88,47268.91
7/1/2002,5.97,90.76,227.7,409.09,1055.45,1298.91,2595.35,3882.7,10682.14,41369.75
8/1/2002,6.03,89.3,223.35,412.24,1057.04,1304.5,2632.98,3921.91,10752.64,41568.32
9/1/2002,5.03,78.71,202.71,376.3,983.78,1227.66,2504.49,3725.03,10256.94,39514.85
10/1/2002,5.56,81.19,208.65,388.49,989.49,1278,2597.91,3827.47,10638.5,41581.47
11/1/2002,7.38,94.72,236.86,419.99,1052.32,1332.06,2739.75,3983.25,10988.51,43764.5
12/1/2002,6.31,86.68,226.89,396.77,1016.86,1321,2704.41,3971.3,10990.7,43550.06
1/1/2003,6.45,86.31,222.26,391.57,995.2,1315.45,2700.36,3966.54,10989.61,43985.56
2/1/2003,6.14,82.96,214.95,380.45,965.74,1294.54,2656.07,3941.94,10909.38,43541.3
3/1/2003,6.29,82.87,213.72,379.69,961.69,1306.32,2691.66,3947.07,11152.66,44821.42
4/1/2003,7.47,93.77,236.66,422.33,1038.62,1392.67,2893.8,4203.63,11796.17,48075.45
5/1/2003,9.91,113.27,269.53,474.7,1148.61,1532.21,3152.51,4561.36,12750.48,51935.91
6/1/2003,11.04,119.24,282.79,491.93,1196.85,1599.32,3223.13,4751.11,13229.9,54122.41
7/1/2003,11.94,129.54,302.39,523.86,1279.2,1693.36,3369.13,5045.2,14018.4,59215.33
8/1/2003,12.6,135.98,318.87,545.49,1328.44,1755.68,3536.92,5334.8,14766.98,62709.04
9/1/2003,13.56,138.37,319.44,548.82,1340.14,1771.48,3547.17,5415.89,15054.94,64665.56
10/1/2003,14.65,146.84,340.59,587.07,1430.59,1898.14,3855.78,5880.57,16349.66,72393.09
11/1/2003,14.94,152.64,350.43,606.39,1489.39,1958.88,3990.73,6126.96,17015.09,76027.23
12/1/2003,15.92,161.02,365.5,634.82,1551.65,2008.64,4097.68,6251.95,17602.11,77502.15
1/1/2004,17.43,168.28,383.33,662.76,1642.73,2094.2,4277.16,6648.95,19098.29,85849.14
2/1/2004,17.56,171.23,389.24,677.6,1666.55,2122.48,4306.67,6765.98,19289.28,85952.15
3/1/2004,17.57,170.68,393.83,685.53,1684.72,2132.88,4319.16,6834.31,19499.53,84894.94
4/1/2004,17.25,168.72,387.88,679.63,1667.03,2068.25,4199.09,6554.79,18826.8,79223.96
5/1/2004,16.8,169.25,389.01,684.87,1677.03,2073.01,4197.83,6598.05,18815.5,79849.83
6/1/2004,17.02,171.49,400.64,701.17,1724.49,2140.38,4299.42,6832.94,19562.48,82125.55
7/1/2004,15.41,162.16,384.13,660.92,1651.37,2065.04,4078,6394.95,18308.52,74972.41
8/1/2004,15.01,162.61,382.94,656.96,1640.8,2070.2,4018.87,6316.29,18057.69,72678.26
9/1/2004,15.43,166.48,395.31,676.34,1697.74,2149.7,4186.45,6613.79,19200.75,78020.11
10/1/2004,15.78,169.33,402.59,693.92,1728.47,2198.28,4245.48,6819.48,19550.2,78566.25
11/1/2004,17.75,181.78,430.32,737.29,1845.66,2356.34,4604.23,7377.99,21251.07,86108.61
12/1/2004,19.67,193.03,452.23,764.94,1927.6,2451.06,4752.02,7601.55,22113.86,91412.9
1/1/2005,18.11,187.7,438.62,746.81,1883.85,2393.46,4676.94,7466.24,21799.84,89310.41
2/1/2005,17.9,187.19,439.32,756.67,1913.99,2409.5,4788.25,7591.67,22392.8,93507.99
3/1/2005,16.86,182.87,434.13,738.89,1881.26,2365.64,4708.29,7475.52,21837.46,90627.95
4/1/2005,15.28,173.27,414.16,713.84,1801.3,2284.03,4527.49,7138.37,20846.04,83740.22
5/1/2005,16.12,180.44,430.73,745.1,1875.88,2395.49,4719.91,7494.58,22023.84,90104.48
6/1/2005,16.67,186.22,441.84,767.83,1932.91,2455.62,4904.93,7765.88,22724.2,94267.31
7/1/2005,18.08,198.99,464.55,809.91,2021.43,2582.82,5201.68,8206.98,24035.38,102327.16
8/1/2005,17.57,197.52,459.77,801.08,1986.06,2556.99,5179.83,8145.43,24052.21,102531.82
9/1/2005,17.54,197.16,458.34,800.2,1995.19,2610.69,5215.05,8195.93,24533.25,105248.91
10/1/2005,16.59,190.7,449.68,786.51,1966.46,2533.93,5093.54,8012.34,23753.09,100207.49
11/1/2005,17.19,196.46,464.43,811.68,2048.27,2631.49,5272.32,8393.73,24441.93,105558.57
12/1/2005,17.45,198.26,464.52,812.58,2058.71,2643.07,5294.99,8470.11,24886.78,106381.92
1/1/2006,19.2,211.76,494.07,859.7,2182.03,2761.48,5615.34,9013.05,27106.68,120137.11
2/1/2006,19.41,211.7,497.92,868.73,2214.76,2783.29,5723.72,9126.61,26987.41,118166.86
3/1/2006,20.29,219.58,514.3,892.62,2292.06,2896.57,5995.02,9524.53,28439.33,124760.57
4/1/2006,20.42,221.05,515.07,897.17,2295.49,2891.36,6023.2,9625.49,28698.13,126232.74
5/1/2006,19.21,214.77,495.65,868.11,2228.92,2796.81,5772.63,9192.35,27062.34,115212.63
6/1/2006,18.73,211.05,489.81,863.68,2240.07,2796.53,5810.16,9158.33,27043.39,113184.88
7/1/2006,17.64,203.65,480.06,847.18,2202.66,2742,5708.48,8883.58,26226.68,106801.26
8/1/2006,18.22,211.2,492.54,864.63,2250.68,2780.66,5828.36,9077.25,26601.72,107741.11
9/1/2006,18.23,214.2,499.44,876.31,2266.43,2805.69,5944.92,9162.57,26990.11,108570.71
10/1/2006,19.31,224.85,520.81,922.93,2353.92,2920.44,6223.15,9480.51,28455.67,114878.67
11/1/2006,19.86,231.52,539.2,942.58,2415.59,2966,6366.28,9733.64,28891.04,117819.57
12/1/2006,20.04,232.64,545.45,946.73,2446.99,3013.75,6505.7,9869.91,29064.39,121448.41
1/1/2007,20.72,238.59,555.21,953.83,2498.87,3079.75,6616.3,10132.45,29631.14,125929.85
2/1/2007,20.76,241.55,555.16,953.36,2510.36,3101,6682.46,10094.96,29391.13,125186.87
3/1/2007,20.29,241.26,557.77,958.12,2531.7,3136.04,6744.61,10234.27,30078.88,128078.69
4/1/2007,20.91,245.46,566.41,975.56,2597.53,3195.94,6886.24,10498.32,31080.51,132190.01
5/1/2007,21.15,252.77,579.04,1004.14,2671.04,3311.32,7073.55,10860.51,31761.17,135164.29
6/1/2007,20.95,250.7,574.35,1001.23,2659.28,3277.54,7041.01,10764.94,31446.74,134407.37
7/1/2007,19.68,236.44,540.87,950.47,2538.55,3109.07,6754.44,10422.61,30258.05,127928.93
8/1/2007,18.99,237.05,544.22,946.38,2525.35,3109.07,6685.55,10302.75,30430.52,127340.46
9/1/2007,18.85,237.19,548.63,947.99,2546.31,3160.06,6815.91,10521.17,31599.06,134089.5
10/1/2007,18.51,232.52,547.42,953.58,2577.38,3223.9,6977.45,10928.34,32626.02,140431.94
11/1/2007,15.89,212.1,509.05,900.85,2415,3029.82,6546.24,10191.77,30061.62,128860.34
12/1/2007,15.2,206.1,493.78,885.54,2375.4,2981.64,6537.08,10300.82,30202.91,131244.26
1/1/2008,15.3,199.86,471.76,852.33,2253.3,2829.58,6015.42,9631.27,27357.79,116348.04
2/1/2008,14.58,191.92,453.73,819.17,2203.95,2779.5,5916.17,9525.33,27278.46,115405.62
3/1/2008,13.61,185.61,439.58,815.65,2184.56,2815.63,5868.84,9399.59,26882.92,112982.1
4/1/2008,13.58,190.45,446.17,842.57,2239.61,2892.22,6007.93,9641.16,27775.43,120032.18
5/1/2008,14.06,194.38,459.24,863.55,2338.6,3015.13,6166.54,9914.97,28567.03,128374.42
6/1/2008,12.09,169.42,401.98,777.28,2118.07,2760.05,5685.55,9229.84,27287.23,125986.66
7/1/2008,12.03,171.76,409.86,795.62,2169.33,2855,5793.57,9511.36,27510.98,120418.05
8/1/2008,12.38,175.29,423.38,822.04,2237.88,2952.07,5995.19,9691.12,27819.11,119021.2
9/1/2008,10.43,153.89,381.76,747.07,2045.2,2707.34,5594.71,8961.38,24917.57,99620.74
10/1/2008,7.83,114.71,296.4,586.45,1627.16,2221.92,4607.8,7478.27,20337.72,78700.39
11/1/2008,6.26,94.69,247.94,505.93,1433.69,1937.73,4138.27,6805.97,18377.17,69933.16
12/1/2008,6.44,98.23,258.4,522.27,1481.29,1975.52,4288.9,7001.99,18897.24,71429.73
1/1/2009,6.91,98.53,244.53,488.27,1389.89,1839.41,4001.12,6571.36,17406.25,63879.61
2/1/2009,5.92,83.86,219.9,429.04,1239.09,1656.57,3623.41,5888.6,15481.12,56897.57
3/1/2009,7.72,99.73,245.12,475.08,1372.04,1807.81,3854.22,6422.69,16380.57,61034.02
4/1/2009,11.15,137.76,322.51,581.97,1645.77,2077.54,4400.75,7212.04,17636.96,64702.17
5/1/2009,13.92,161.62,364.5,640.05,1733.98,2216.73,4630.91,7570.48,18324.8,66597.94
6/1/2009,14.69,167.21,377.19,655.16,1767.97,2277.47,4784.66,7797.6,19151.25,69068.72
7/1/2009,16.11,187.1,416.04,728.93,1921.96,2499.75,5046.38,8351.23,20692.93,73592.72
8/1/2009,20.32,209.94,438.09,779.74,2008.44,2571,5192.72,8439.75,21059.19,74049
9/1/2009,23.33,226.29,471.25,827.46,2129.95,2701.86,5459.63,8862.58,21848.91,78025.43
10/1/2009,20.79,210,448.3,789.23,2016.43,2590.27,5213.94,8453.13,20837.31,71307.44
11/1/2009,20.29,213.87,456.82,806.35,2050.1,2678.86,5337.52,8588.38,21887.51,74587.58
12/1/2009,21.53,226.14,489.3,844.09,2161.22,2847.9,5707.41,9257.41,23395.56,80987.2
1/1/2010,22.44,226.12,484.5,824,2136.15,2811.45,5554.45,9108.37,22721.76,79553.72
2/1/2010,22.66,232.79,499.13,852.43,2211.55,2936.84,5775.51,9618.44,24310.02,85146.35
3/1/2010,24.29,248.01,539.86,919.35,2392.46,3156.8,6218.5,10374.45,26590.29,93805.74
4/1/2010,27.01,264.23,573.71,967.33,2521.41,3330.11,6620.21,11154.61,28818.56,105146.85
5/1/2010,24.12,245.6,536.65,903.3,2346.43,3093.34,6113.76,10355.94,26524.6,94411.36
6/1/2010,21.65,231.41,504.34,860.21,2203.53,2904.34,5647.28,9530.57,24179.83,84101.64
7/1/2010,22.71,243.28,536.12,909.16,2339.27,3066.4,5978.78,10129.09,25840.98,90787.72
8/1/2010,20.96,225.64,504.49,847.61,2212.71,2878.74,5603.31,9613.52,24311.2,82989.05
9/1/2010,23.09,250.03,559.98,931.6,2448.14,3164.6,6158.04,10736.38,27058.36,94516.23
10/1/2010,23.98,260.44,582.16,966.17,2532.6,3276.94,6454.24,11302.18,28294.93,98854.52
11/1/2010,23.55,267.05,603.17,985.68,2583.26,3387.7,6642.71,11643.51,29353.16,102858.13
12/1/2010,26.18,293.09,647.57,1063.65,2765.89,3683.45,7155.52,12487.66,31554.65,110335.92
1/1/2011,27.5,297.89,655.34,1088.97,2785.53,3753.06,7216.34,12633.77,32106.85,111781.32
2/1/2011,28.15,309.69,679.58,1146.24,2895.84,3896.81,7608.91,13329.89,33580.56,118085.79
3/1/2011,27.37,312.26,685.84,1175.7,2944.2,3982.15,7724.57,13763.11,34859.98,121675.59
4/1/2011,27.2,316.76,701.2,1195.22,3012.8,4096.43,7899.14,14116.82,35626.9,122953.19
5/1/2011,26.22,309.06,693.27,1176.34,2982.67,4043.18,7779.08,13857.07,35131.68,119977.72
6/1/2011,24.73,301.61,679.48,1153.4,2943.6,3965.55,7718.4,13557.76,34727.67,118058.08
7/1/2011,24.37,293.62,661.68,1121.45,2871.19,3823.58,7479.13,13157.81,34095.62,114221.19
8/1/2011,21.32,263.55,616.68,1044.4,2689.44,3552.87,6893.51,12048.6,30798.58,101851.03
9/1/2011,18.59,240.68,569.14,952.81,2432.87,3227.08,6261.38,10814.83,26804,86481.71
10/1/2011,20.45,266.48,643.69,1060.1,2712.16,3652.4,7019.63,12057.45,30417.18,100318.79
11/1/2011,19.03,257.98,631.66,1046.32,2680.43,3694.04,6989.45,12100.86,30447.6,100138.21
12/1/2011,18.53,257.77,638.98,1057.51,2680.7,3746.87,7066.33,12150.47,30764.25,100048.09
1/1/2012,21.61,287.67,704.41,1146.34,2907.21,3980.67,7458.51,12828.47,31948.68,106431.16
2/1/2012,22.8,302.89,730.41,1181.19,3010.42,4133.53,7671.83,13190.23,32868.8,110762.91
3/1/2012,23.31,312.7,750.35,1225.6,3100.73,4279.03,7947.25,13616.28,33996.2,115038.35
4/1/2012,22.39,299.44,744.12,1212.37,3035.31,4245.65,7890.03,13669.38,34458.55,115590.54
5/1/2012,19.78,272.32,686.75,1129.93,2878.69,4018.51,7453.71,13046.05,32683.93,109394.89
6/1/2012,20.11,286.58,716.76,1175.46,3009.67,4157.15,7771.98,13500.06,34050.12,113945.71
7/1/2012,19.66,279.59,695.33,1163,2972.35,4161.72,7792.96,13432.56,34138.65,114276.16
8/1/2012,20.15,290.94,719.46,1196.73,3068.95,4259.94,7945.71,13734.79,34783.87,118767.21
9/1/2012,21.32,303.02,751.76,1234.07,3142.29,4414.15,8213.48,14188.04,35747.38,122947.81
10/1/2012,20.44,296.02,739.51,1208.52,3097.99,4348.38,8136.27,14024.88,35490,122800.28
11/1/2012,20.38,296.73,745.57,1225.68,3113.17,4362.29,8115.93,14158.11,35557.43,123500.24
12/1/2012,21.01,306.55,767.71,1260.12,3225.24,4473.09,8321.26,14454.02,36179.69,125328.04
1/1/2013,23.08,325.74,813.85,1352.87,3391.99,4779.05,8880.45,15506.27,38730.36,136620.1
2/1/2013,23.01,325.74,823.62,1382.23,3437.44,4851.22,9059.84,15647.38,39539.82,138409.82
3/1/2013,23.61,335.12,856.23,1444.15,3575.28,5072.92,9473.87,16522.06,41580.08,148721.35
4/1/2013,23.18,334.65,859.49,1438.09,3570.99,5097.27,9490.92,16637.72,41505.23,150922.43
5/1/2013,24.69,353.76,912,1488.27,3717.4,5260.38,9879.1,17279.93,43439.38,157261.17
6/1/2013,24.14,355.03,919.3,1488.72,3761.27,5247.76,9996.66,17444.09,43574.04,156223.25
7/1/2013,26.71,376.62,973.17,1588.47,4032.08,5615.1,10750.41,18625.06,46632.94,169642.82
8/1/2013,26.36,369.5,946.6,1554.79,3951.84,5481.46,10489.18,18232.07,45611.67,165299.97
9/1/2013,28.2,385.8,978.03,1631.13,4156.55,5801.03,11126.92,19284.06,48571.87,177515.64
10/1/2013,28.43,397.72,1000.82,1688.38,4330.29,5956.5,11543.07,20016.86,49854.17,181687.25
11/1/2013,29.73,411.4,1047.76,1752.37,4529.92,6169.14,12019.79,21011.69,52631.05,190081.2
12/1/2013,30.57,422.67,1080.24,1783.74,4640.45,6303.63,12394.81,21450.84,54525.76,196315.87
1/1/2014,32.06,424.49,1076.35,1749.31,4591.72,6135.32,12044.04,21212.73,53664.26,197356.34
2/1/2014,33.56,438.54,1106.81,1811.41,4794.22,6450.68,12533.03,22451.56,56492.36,209434.55
3/1/2014,33.13,448.41,1115.77,1831.52,4848.87,6535.18,12545.56,22628.92,56407.63,204512.84
4/1/2014,31.5,435.18,1096.92,1804.96,4719.89,6353.5,12206.83,22099.41,54309.26,189297.08
5/1/2014,31.12,430.52,1116.11,1816.88,4770.86,6390.99,12358.19,22108.25,54521.07,187953.07
6/1/2014,32.76,448.69,1150.49,1889.55,5019.9,6605.73,12804.33,23083.22,57045.39,198196.52
7/1/2014,31,428.23,1109.88,1825.12,4836.18,6334.89,12219.17,22176.05,54130.37,187038.05
8/1/2014,32.14,441.89,1150.61,1884.8,5075.08,6609.19,12720.15,23096.36,56441.74,197755.33
9/1/2014,29.14,420.9,1101.13,1821.28,4848.73,6399.68,12231.7,22184.05,54172.78,189113.42
10/1/2014,28.69,436.14,1155.42,1927.1,5075.17,6733.74,12742.98,22962.71,55884.64,192725.49
11/1/2014,27.93,426.72,1150.68,1932.88,5126.43,6781.55,12785.04,23167.08,56762.03,195057.47
12/1/2014,28.03,436.57,1171.97,1973.86,5226.91,6940.92,13036.9,23757.84,57846.19,197866.3
1/1/2015,26.33,420.03,1112.2,1884.64,5074.8,6734.78,12703.16,23213.78,57198.31,194957.66
2/1/2015,29.04,449.22,1189.72,1983.77,5373.2,7128.76,13555.54,24367.51,59800.83,205504.87
3/1/2015,27.74,445.49,1191.74,2007.18,5417.26,7190.78,13749.38,24774.45,60644.02,208875.15
4/1/2015,29.91,449.23,1190.79,2001.16,5374.47,7113.84,13554.14,24298.78,59285.6,200770.8
5/1/2015,29.13,440.88,1191.98,2004.56,5405.64,7191.38,13898.42,24634.1,61141.24,210729.03
6/1/2015,28.06,436.73,1199.97,2005.16,5422.4,7212.95,13909.54,24794.22,61722.08,212773.1
7/1/2015,24.2,402.19,1150.77,1976.09,5368.17,7197.09,13949.87,25076.88,62117.1,214454.01
8/1/2015,23.83,378.62,1114.98,1887.36,5153.44,6909.2,13435.12,23965.97,58930.49,199056.21
9/1/2015,20.55,345.34,1032.14,1795.07,5010.69,6697.09,13216.13,23541.77,57651.7,185958.31
10/1/2015,21.64,364.89,1098.19,1909.59,5310.33,7023.24,13830.68,24579.97,61105.04,194754.14
11/1/2015,22.47,367.15,1116.42,1938.05,5397.42,7179.86,14291.24,25415.68,62620.44,201395.25
12/1/2015,20.26,344.46,1048.88,1837.07,5210.67,6971.64,13876.8,24772.67,60986.05,192916.51
1/1/2016,17.54,305.22,951.65,1664.39,4795.9,6433.43,12838.81,23323.47,56997.56,170981.91
2/1/2016,17.59,310.35,963.35,1731.63,4865.92,6518.35,12881.18,23055.25,56250.89,168622.36
3/1/2016,20.43,344.24,1049.57,1875.87,5209.46,6973.33,13703,24392.45,59119.69,176412.71
4/1/2016,22.52,364.38,1088.3,1941.34,5329.27,7186.02,13938.69,24763.22,60095.16,179464.65
5/1/2016,21.71,366.38,1093.09,1966.39,5393.23,7285.9,14220.25,25132.19,61122.79,181959.21
6/1/2016,21.83,360.16,1068.93,1921.36,5299.38,7291.73,14177.59,25200.04,61746.24,184706.79
7/1/2016,23.74,389.69,1117.46,2034.91,5622.12,7693.51,14770.22,26172.77,64018.51,193554.25
8/1/2016,24.82,399.35,1139.59,2058.31,5794.15,7885.84,14988.81,26594.15,64857.15,192876.81
9/1/2016,25.98,412.89,1143.35,2098.24,5865.42,7944.99,15180.67,26828.18,67055.81,195924.26
10/1/2016,23.04,392.25,1097.5,2043.48,5728.17,7724.91,14795.08,25674.56,64212.64,181778.53
11/1/2016,24.55,427.67,1221.96,2232.91,6298.12,8413.2,16317.5,27795.28,70473.37,200265.41
12/1/2016,24.32,436.52,1253.48,2308.16,6512.26,8716.92,16927.77,28662.5,72044.93,201446.97
1/1/2017,25.4,443.29,1276.3,2326.39,6593.01,8779.68,16954.85,28811.54,72376.33,206281.7
2/1/2017,25.87,455.21,1305.14,2382.69,6724.87,8957.03,17166.79,29479.97,73092.86,206096.05
3/1/2017,25.96,463.9,1309.32,2415.81,6760.51,8989.28,17207.99,29801.3,73070.93,205910.56
4/1/2017,25.14,467.99,1314.82,2496.5,6828.79,9098.05,17380.07,30132.1,73918.56,206075.29
5/1/2017,23.37,461.34,1316.39,2469.78,6773.48,9061.65,17122.85,29716.27,72713.68,203581.78
6/1/2017,25.08,474.03,1344.17,2545.61,7007.17,9294.54,17681.05,30506.73,75505.89,209139.56
7/1/2017,24.48,466.4,1352.77,2564.95,7033.79,9262.94,17656.3,30656.21,76502.57,212255.74
8/1/2017,23.58,449.51,1326.39,2533.15,6915.63,9242.56,17527.41,30223.96,75921.15,212489.22
9/1/2017,26.38,479.32,1407.17,2701.86,7311.2,9864.58,18603.59,31901.39,81220.44,226173.53
10/1/2017,25.51,465.22,1409.42,2747.25,7340.44,9912.92,18945.89,32651.07,82788,229045.93
11/1/2017,26.7,488.02,1461.57,2828.56,7562.13,10240.04,19519.96,33738.35,84625.89,236306.68
12/1/2017,27.49,495.93,1464.35,2841.86,7540.2,10247.21,19674.16,33576.4,85429.84,241174.6
1/1/2018,28.28,507.08,1493.49,2943.88,7744.54,10561.8,20217.17,34785.15,89154.58,251207.47
2/1/2018,26.44,481.07,1439.43,2836.43,7545.5,10192.14,19493.4,33786.82,86230.31,242716.65
3/1/2018,26.71,481.74,1446.77,2876.99,7676.79,10430.64,19659.09,33722.63,87152.97,243687.52
4/1/2018,26.89,488.3,1466.15,2915.83,7758.93,10476.53,19716.1,33601.22,87858.91,245515.18
5/1/2018,28.27,510.17,1530.37,3013.51,7959.89,10906.07,20477.14,35207.36,93253.45,267857.06
6/1/2018,28.55,515.58,1567.56,3026.77,8076.11,10862.44,20456.66,35397.48,93887.57,270990.99
7/1/2018,27.62,520.99,1591.39,3031.31,8222.28,11147.04,20743.06,35726.68,95483.66,273213.11
8/1/2018,27.84,532.09,1635.31,3091.03,8488.68,11615.21,21280.3,36802.05,100620.68,296190.33
9/1/2018,27.44,518.84,1623.86,3050.23,8287.5,11316.7,21029.2,36426.67,99000.69,289377.96
10/1/2018,23.64,467.06,1484.86,2807.43,7613.73,10415.89,19258.54,33268.48,88694.72,253726.59
11/1/2018,22.91,465.05,1500.15,2836.34,7727.93,10423.19,19445.35,33697.64,88251.24,249666.97
12/1/2018,17.93,399.43,1299.43,2475.84,6904.91,9357.94,17535.81,30428.97,79187.84,219257.53
1/1/2019,22.8,476.44,1483.69,2790.77,7582.97,10162.72,19021.1,33058.03,85950.48,244910.66
2/1/2019,24.2,503.03,1548.68,2957.94,7945.44,10627.15,20034.92,34429.94,89809.66,257572.54
3/1/2019,24.25,485.52,1520.96,2874.53,7766.67,10362.54,19762.45,34116.63,89621.06,255177.12
4/1/2019,24.51,501.6,1572.97,3016.53,7983.36,10736.63,20238.72,34761.43,91243.2,259362.02
5/1/2019,21.2,439.95,1443.83,2753.79,7389.39,9997.95,18977.85,32554.08,86215.7,247509.18
6/1/2019,21.76,460.23,1559.63,2913.78,7811.33,10594.82,20258.85,34412.92,92207.69,264587.31
7/1/2019,20.44,458.07,1543.09,2898.05,7832.42,10621.31,20447.26,34454.22,92281.46,269058.84
8/1/2019,19.01,425.45,1412.24,2705.62,7436.1,10054.13,19889.05,33627.32,89965.19,261498.28
9/1/2019,19.73,441.45,1467.32,2824.12,7741.72,10353.75,20495.67,34118.27,89515.37,251665.95
10/1/2019,18.84,442.77,1466.58,2848.98,7795.14,10604.31,20780.56,34647.11,90723.82,256170.77
11/1/2019,19.19,463.36,1526.13,2929.89,8131.11,11018.93,21599.31,35298.47,94960.63,270208.93
12/1/2019,21.42,488.8,1586.41,3028.62,8424.64,11339.59,22484.88,36248,97201.7,282260.24
1/1/2020,21.65,479.95,1565.15,2892.94,8167.69,11016.41,21765.36,35450.55,96317.16,282062.66
2/1/2020,20.87,432.3,1453.24,2639.23,7448.12,10065.69,19880.48,32398.25,88650.32,263982.45
3/1/2020,15.41,326.73,1084.12,2060.45,5720.15,7923.71,16023.67,25481.23,71877.68,209628.46
4/1/2020,20.94,399.2,1288.58,2403.31,6446.04,8916.55,18103.54,29114.85,83263.1,250422.16
5/1/2020,23.6,444.31,1391.54,2572.26,6761.9,9373.08,18970.7,30305.65,89274.7,276841.7
6/1/2020,26.65,498.82,1478.79,2698.56,7097.96,9526.8,19444.97,31148.14,92443.95,299155.14
7/1/2020,28.33,513.14,1500.38,2717.99,7273.28,9965.99,20294.72,34160.17,97417.43,317313.85
8/1/2020,29.73,538.13,1600.46,2860.68,7666.77,10395.52,21110.56,35857.93,99697,328039.06
9/1/2020,27.55,518.97,1539.32,2810.33,7403.03,10119,20755.91,34731.99,98241.42,325709.98
10/1/2020,27.23,535.27,1606.9,2897.45,7505.19,10202.99,21096.3,35440.52,99626.63,322811.17
11/1/2020,37.85,663.3,1917.99,3424.79,8823.11,12055.85,24081.43,41497.31,114869.5,386727.78
12/1/2020,43.86,745.75,2103.84,3753.91,9426.61,12746.65,25808.07,43941.5,124667.87,418207.42
1/1/2021,56.33,798.03,2223.13,3968.26,9880.97,13493.6,26623.6,46696.63,141896.97,503689.01
2/1/2021,64.36,885.25,2461.01,4314.69,10840.41,14652.7,29009.08,49829.98,155717.73,530132.69
3/1/2021,65.26,935.8,2606.45,4454.92,11429.05,15073.23,30265.17,51035.86,157461.77,518999.9
4/1/2021,64.1,946.75,2639.29,4569.85,11742.2,15471.17,30855.34,53929.6,160122.88,517754.3
5/1/2021,63.56,956.98,2674.66,4654.85,12083.9,15850.21,31302.74,56248.57,166719.94,526556.12
6/1/2021,65.92,986.26,2737.25,4739.1,12147.94,15926.29,31769.15,56687.31,170187.71,570312.94
7/1/2021,61.21,979.06,2720,4775.12,11988.81,15588.66,30936.8,55309.81,161576.21,521437.12
8/1/2021,62.63,999.72,2774.13,4930.79,12208.2,15920.69,31592.66,56476.84,165971.09,536558.8
9/1/2021,60.83,967.13,2658.73,4781.88,11789.46,15470.14,31172.48,55816.06,162568.68,522554.61
10/1/2021,59.8,993.05,2770.93,4929.64,12220.95,16130.71,32154.41,57864.51,171054.77,533162.47
11/1/2021,53.19,934.85,2683.92,4809.36,11820.11,15593.56,31385.92,55104.38,162108.6,494934.72
12/1/2021,50.63,961.4,2784.57,4939.69,12133.34,16129.98,32468.74,56526.07,163340.63,478304.91
1/1/2022,44.04,887.76,2631.14,4649.24,11469.65,15423.49,30273.85,53581.06,150649.06,425165.24
2/1/2022,42.21,885.54,2659.03,4671.09,11691.01,15546.87,30346.51,53318.51,152471.91,443532.38
3/1/2022,43.57,894.84,2655.3,4696.31,11824.29,15787.85,30768.32,54496.85,155231.66,456261.76
4/1/2022,34.51,797.3,2431.46,4366.63,11125.47,14706.38,28713,50872.81,143728.99,426832.87
5/1/2022,31.98,773.62,2448.48,4329.08,11142.16,14754.91,28747.46,50979.65,143254.68,437717.11
6/1/2022,30.6,713.59,2234.97,3993.58,10303.16,13847.49,27473.94,47614.99,132668.16,380813.89
7/1/2022,32.85,790.37,2419.36,4355.79,11211.89,15124.22,29300.96,51186.11,141211.99,422513.01
8/1/2022,33.54,781.28,2364.44,4307.44,11155.84,14823.25,28442.44,50623.07,140774.24,432906.83
9/1/2022,28.17,690.42,2110.74,3815.96,10117.23,13613.68,26980.5,46912.39,130117.63,385460.24
10/1/2022,28.42,737.44,2307.03,4158.26,11021.71,14881.11,29020.23,51964.86,143207.46,436418.08
11/1/2022,26.91,744.44,2377.4,4325,11466.98,15470.4,30421.9,53108.09,146501.23,434628.77
12/1/2022,24.35,690.69,2256.15,4126.92,11090.87,14828.38,29570.09,50712.91,140040.53,415200.86
1/1/2023,31.88,820.06,2623,4594.08,12155.59,16134.76,30921.44,53162.35,147854.79,432016.5
2/1/2023,28.76,785.78,2533.56,4527.93,11945.3,15994.39,30596.77,52439.34,146154.46,421820.91
3/1/2023,25.34,733.92,2396.49,4270.29,11367.15,15560.94,29917.52,50168.71,141565.21,404146.61
4/1/2023,24.54,716.67,2331.31,4155.42,11229.6,15235.71,30270.55,49621.88,139300.16,401802.56
