Date, Low 10 , Decile 2 , Decile 3 , Decile 4 , Decile 5 , Decile 6 , Decile 7 , Decile 8 , Decile 9 , High 10 ,,
1/1/1927,99%,102%,110%,106%,99%,107%,103%,101%,99%,101%,,
2/1/1927,121%,109%,120%,118%,111%,113%,113%,110%,114%,113%,,
3/1/1927,86%,89%,95%,96%,96%,96%,101%,97%,101%,98%,,
4/1/1927,106%,98%,100%,97%,100%,101%,103%,99%,105%,110%,,
5/1/1927,103%,109%,114%,112%,118%,123%,116%,120%,117%,125%,,
6/1/1927,85%,97%,96%,96%,94%,100%,97%,98%,95%,94%,,
7/1/1927,117%,110%,112%,115%,113%,111%,118%,111%,114%,123%,,
8/1/1927,95%,108%,98%,100%,104%,102%,104%,102%,101%,96%,,
9/1/1927,99%,110%,103%,106%,103%,109%,108%,108%,118%,108%,,
10/1/1927,85%,90%,89%,90%,96%,93%,92%,97%,90%,90%,,
11/1/1927,182%,123%,120%,121%,117%,122%,119%,117%,119%,120%,,
12/1/1927,110%,102%,104%,110%,111%,109%,104%,104%,110%,112%,,
1/1/1928,108%,107%,108%,120%,105%,100%,108%,100%,102%,123%,,
2/1/1928,101%,94%,90%,98%,97%,98%,94%,91%,93%,88%,,
3/1/1928,117%,115%,120%,110%,113%,119%,114%,118%,118%,129%,,
4/1/1928,118%,125%,139%,134%,118%,138%,108%,110%,109%,120%,,
5/1/1928,135%,101%,107%,100%,106%,102%,108%,108%,111%,114%,,
6/1/1928,79%,85%,84%,87%,86%,91%,85%,83%,86%,84%,,
7/1/1928,95%,99%,98%,100%,100%,102%,104%,99%,103%,104%,,
8/1/1928,111%,110%,112%,106%,116%,120%,112%,120%,121%,117%,,
9/1/1928,111%,116%,107%,106%,108%,111%,117%,112%,115%,120%,,
10/1/1928,100%,97%,104%,100%,100%,102%,102%,106%,107%,123%,,
11/1/1928,122%,129%,122%,126%,126%,134%,138%,122%,130%,149%,,
12/1/1928,88%,97%,103%,98%,97%,106%,103%,102%,100%,99%,,
1/1/1929,104%,106%,104%,105%,109%,105%,112%,111%,114%,106%,,
2/1/1929,91%,100%,103%,100%,98%,102%,104%,101%,106%,109%,,
3/1/1929,88%,94%,92%,95%,95%,93%,88%,95%,91%,102%,,
4/1/1929,91%,106%,107%,98%,102%,103%,107%,105%,105%,107%,,
5/1/1929,71%,74%,86%,81%,88%,84%,85%,82%,79%,74%,,
6/1/1929,109%,113%,109%,115%,111%,118%,119%,126%,138%,133%,,
7/1/1929,99%,95%,105%,101%,106%,111%,103%,107%,108%,104%,,
8/1/1929,92%,99%,101%,98%,103%,108%,118%,116%,119%,114%,,
9/1/1929,85%,83%,87%,91%,90%,91%,93%,91%,94%,98%,,
10/1/1929,56%,56%,58%,59%,69%,66%,67%,62%,59%,48%,,
11/1/1929,76%,72%,74%,82%,74%,83%,76%,77%,71%,67%,,
12/1/1929,72%,79%,92%,95%,97%,95%,92%,103%,104%,111%,,
1/1/1930,166%,155%,136%,123%,121%,117%,120%,115%,112%,111%,,
2/1/1930,111%,111%,109%,107%,104%,105%,106%,104%,105%,109%,,
3/1/1930,165%,135%,127%,119%,128%,118%,117%,118%,114%,119%,,
4/1/1930,90%,94%,80%,83%,87%,90%,85%,91%,100%,94%,,
5/1/1930,79%,84%,92%,91%,96%,90%,96%,95%,99%,94%,,
6/1/1930,52%,55%,56%,62%,60%,65%,70%,75%,69%,59%,,
7/1/1930,112%,110%,110%,100%,116%,112%,110%,105%,105%,111%,,
8/1/1930,85%,94%,96%,92%,100%,95%,100%,96%,102%,101%,,
9/1/1930,57%,60%,59%,67%,69%,71%,72%,76%,78%,79%,,
10/1/1930,78%,71%,74%,71%,78%,82%,87%,82%,84%,83%,,
11/1/1930,100%,100%,92%,96%,93%,94%,93%,92%,98%,98%,,
12/1/1930,52%,62%,64%,69%,67%,76%,72%,81%,86%,87%,,
1/1/1931,177%,166%,144%,137%,133%,128%,126%,116%,112%,129%,,
2/1/1931,168%,172%,145%,147%,148%,138%,133%,125%,118%,117%,,
3/1/1931,76%,76%,82%,95%,83%,85%,80%,89%,93%,105%,,
4/1/1931,54%,61%,60%,64%,67%,68%,70%,78%,77%,81%,,
5/1/1931,64%,61%,68%,69%,68%,68%,74%,75%,79%,82%,,
6/1/1931,175%,185%,156%,157%,161%,148%,136%,128%,126%,121%,,
7/1/1931,75%,77%,78%,78%,81%,89%,89%,96%,92%,94%,,
8/1/1931,102%,91%,99%,90%,92%,97%,96%,92%,100%,98%,,
9/1/1931,39%,33%,35%,44%,40%,46%,42%,45%,51%,50%,,
10/1/1931,117%,129%,132%,133%,115%,115%,134%,114%,137%,134%,,
11/1/1931,71%,73%,75%,75%,82%,84%,85%,81%,87%,92%,,
12/1/1931,48%,51%,53%,59%,61%,61%,67%,74%,68%,83%,,
1/1/1932,188%,124%,121%,118%,134%,119%,104%,104%,106%,107%,,
2/1/1932,95%,103%,105%,93%,104%,110%,108%,111%,112%,107%,,
3/1/1932,59%,66%,70%,74%,77%,70%,76%,80%,83%,87%,,
4/1/1932,56%,57%,63%,61%,59%,62%,63%,67%,68%,76%,,
5/1/1932,56%,54%,58%,59%,54%,61%,61%,61%,60%,65%,,
6/1/1932,109%,115%,110%,116%,109%,107%,97%,105%,117%,112%,,
7/1/1932,337%,362%,268%,321%,230%,212%,180%,184%,151%,132%,,
8/1/1932,576%,573%,360%,373%,366%,305%,245%,202%,209%,187%,,
9/1/1932,78%,94%,82%,83%,83%,97%,84%,84%,90%,95%,,
10/1/1932,63%,70%,58%,65%,69%,67%,68%,68%,64%,62%,,
11/1/1932,79%,86%,100%,78%,84%,85%,83%,91%,84%,83%,,
12/1/1932,78%,87%,87%,91%,91%,93%,94%,96%,102%,99%,,
1/1/1933,106%,114%,116%,115%,107%,107%,110%,109%,113%,92%,,
2/1/1933,62%,67%,60%,60%,69%,66%,68%,72%,73%,75%,,
3/1/1933,115%,127%,129%,116%,135%,134%,123%,119%,129%,130%,,
4/1/1933,278%,303%,269%,308%,234%,268%,245%,284%,226%,234%,,
5/1/1933,378%,356%,340%,330%,252%,257%,305%,279%,213%,277%,,
6/1/1933,186%,163%,164%,167%,146%,152%,153%,150%,174%,140%,,
7/1/1933,81%,76%,82%,78%,78%,81%,75%,86%,74%,80%,,
8/1/1933,111%,108%,132%,129%,134%,139%,135%,137%,131%,127%,,
9/1/1933,58%,65%,65%,67%,70%,80%,69%,71%,71%,68%,,
10/1/1933,80%,77%,77%,77%,73%,77%,77%,74%,77%,77%,,
11/1/1933,101%,106%,119%,125%,118%,115%,123%,127%,111%,115%,,
12/1/1933,96%,97%,107%,106%,105%,103%,109%,109%,106%,107%,,
1/1/1934,228%,213%,196%,186%,190%,179%,169%,175%,201%,172%,,
2/1/1934,100%,101%,103%,104%,103%,101%,102%,99%,100%,109%,,
3/1/1934,97%,100%,107%,100%,100%,98%,105%,104%,101%,105%,,
4/1/1934,103%,99%,108%,102%,101%,103%,95%,101%,98%,91%,,
5/1/1934,81%,80%,80%,80%,76%,74%,75%,74%,72%,74%,,
6/1/1934,95%,100%,100%,101%,102%,102%,104%,106%,95%,99%,,
7/1/1934,56%,55%,56%,59%,61%,63%,60%,74%,72%,64%,,
8/1/1934,116%,127%,133%,124%,121%,122%,124%,121%,127%,130%,,
9/1/1934,95%,94%,95%,98%,96%,100%,98%,102%,98%,97%,,
10/1/1934,87%,85%,88%,92%,92%,97%,101%,104%,105%,105%,,
11/1/1934,132%,130%,130%,134%,126%,134%,135%,140%,138%,134%,,
12/1/1934,105%,92%,101%,101%,103%,103%,102%,105%,110%,116%,,
1/1/1935,92%,92%,89%,96%,95%,89%,92%,94%,92%,95%,,
2/1/1935,62%,74%,77%,85%,82%,95%,99%,101%,103%,103%,,
3/1/1935,75%,77%,83%,79%,87%,82%,85%,92%,89%,89%,,
4/1/1935,124%,147%,124%,126%,132%,127%,114%,117%,120%,116%,,
5/1/1935,113%,102%,109%,105%,109%,106%,103%,101%,104%,106%,,
6/1/1935,96%,104%,108%,106%,115%,115%,112%,115%,114%,117%,,
7/1/1935,135%,139%,139%,129%,124%,111%,130%,120%,121%,122%,,
8/1/1935,170%,142%,132%,112%,110%,109%,110%,109%,107%,114%,,
9/1/1935,79%,102%,102%,105%,107%,111%,105%,111%,114%,124%,,
10/1/1935,120%,125%,112%,119%,120%,117%,122%,123%,122%,127%,,
11/1/1935,225%,164%,135%,124%,138%,121%,116%,123%,123%,126%,,
12/1/1935,97%,108%,117%,113%,111%,109%,124%,116%,121%,125%,,
1/1/1936,167%,142%,144%,130%,133%,126%,137%,139%,144%,128%,,
2/1/1936,103%,105%,105%,108%,114%,117%,114%,120%,113%,106%,,
3/1/1936,101%,97%,104%,100%,98%,102%,102%,99%,106%,110%,,
4/1/1936,87%,90%,76%,75%,72%,71%,66%,71%,68%,62%,,
5/1/1936,106%,106%,112%,109%,110%,112%,118%,115%,115%,121%,,
6/1/1936,98%,102%,99%,101%,102%,102%,100%,98%,105%,93%,,
7/1/1936,107%,113%,114%,125%,120%,117%,125%,121%,125%,125%,,
8/1/1936,101%,101%,106%,107%,110%,108%,100%,110%,109%,101%,,
9/1/1936,114%,103%,108%,107%,107%,112%,102%,109%,106%,111%,,
10/1/1936,116%,113%,111%,117%,110%,117%,124%,118%,115%,116%,,
11/1/1936,121%,125%,116%,123%,120%,119%,126%,127%,126%,121%,,
12/1/1936,103%,103%,105%,117%,102%,104%,106%,103%,116%,106%,,
1/1/1937,118%,122%,116%,124%,117%,125%,112%,118%,117%,124%,,
2/1/1937,102%,106%,103%,111%,105%,105%,105%,103%,108%,117%,,
3/1/1937,92%,103%,102%,98%,97%,100%,103%,102%,99%,105%,,
4/1/1937,74%,78%,81%,82%,79%,81%,81%,78%,75%,69%,,
5/1/1937,89%,95%,93%,99%,93%,93%,95%,95%,97%,95%,,
6/1/1937,77%,83%,84%,84%,88%,85%,84%,83%,85%,78%,,
7/1/1937,138%,122%,123%,122%,124%,123%,123%,123%,124%,128%,,
8/1/1937,83%,89%,87%,89%,90%,92%,90%,87%,85%,87%,,
9/1/1937,58%,63%,67%,67%,64%,64%,61%,58%,55%,51%,,
10/1/1937,82%,80%,81%,76%,78%,80%,80%,77%,76%,73%,,
11/1/1937,72%,75%,77%,77%,78%,79%,78%,79%,78%,74%,,
12/1/1937,63%,76%,76%,70%,81%,82%,83%,84%,82%,84%,,
1/1/1938,126%,116%,108%,112%,103%,111%,107%,106%,108%,103%,,
2/1/1938,114%,114%,109%,122%,118%,118%,116%,113%,114%,109%,,
3/1/1938,32%,38%,40%,42%,41%,46%,48%,51%,58%,65%,,
4/1/1938,163%,181%,164%,166%,158%,150%,145%,147%,135%,134%,,
5/1/1938,81%,78%,78%,81%,79%,83%,87%,87%,91%,101%,,
6/1/1938,206%,225%,209%,211%,212%,200%,181%,168%,146%,126%,,
7/1/1938,160%,130%,138%,131%,131%,130%,126%,127%,119%,115%,,
8/1/1938,74%,81%,84%,82%,82%,88%,88%,91%,92%,98%,,
9/1/1938,92%,93%,94%,98%,95%,96%,98%,99%,101%,100%,,
10/1/1938,148%,145%,149%,146%,132%,136%,126%,123%,125%,132%,,
11/1/1938,71%,95%,86%,87%,89%,96%,98%,96%,96%,101%,,
12/1/1938,104%,104%,102%,107%,107%,106%,111%,109%,112%,116%,,
1/1/1939,90%,84%,85%,84%,84%,84%,81%,83%,79%,80%,,
2/1/1939,104%,106%,109%,110%,109%,108%,111%,112%,113%,116%,,
3/1/1939,63%,65%,66%,68%,64%,62%,67%,68%,62%,59%,,
4/1/1939,94%,98%,97%,102%,103%,97%,103%,101%,102%,109%,,
5/1/1939,115%,114%,121%,120%,118%,123%,120%,119%,126%,131%,,
6/1/1939,81%,80%,76%,83%,82%,83%,82%,84%,82%,82%,,
7/1/1939,132%,137%,136%,141%,135%,134%,128%,132%,126%,140%,,
8/1/1939,74%,72%,75%,74%,75%,76%,80%,79%,85%,83%,,
9/1/1939,525%,293%,267%,242%,195%,179%,174%,143%,150%,138%,,
10/1/1939,81%,95%,93%,93%,98%,101%,102%,104%,106%,109%,,
11/1/1939,83%,78%,86%,84%,82%,83%,84%,78%,84%,79%,,
12/1/1939,96%,99%,97%,106%,105%,104%,104%,107%,106%,112%,,
1/1/1940,97%,91%,95%,92%,90%,97%,100%,97%,96%,99%,,
2/1/1940,101%,104%,108%,110%,105%,106%,108%,107%,108%,116%,,
3/1/1940,108%,104%,106%,108%,104%,107%,105%,108%,105%,109%,,
4/1/1940,85%,103%,99%,104%,101%,101%,102%,106%,111%,120%,,
5/1/1940,50%,44%,47%,49%,51%,51%,52%,50%,48%,44%,,
6/1/1940,120%,122%,116%,117%,111%,118%,116%,114%,114%,115%,,
7/1/1940,105%,109%,109%,110%,107%,108%,107%,109%,112%,112%,,
8/1/1940,105%,107%,106%,104%,106%,106%,103%,106%,105%,103%,,
9/1/1940,107%,110%,110%,109%,109%,110%,111%,110%,109%,107%,,
10/1/1940,104%,123%,119%,117%,113%,108%,108%,109%,105%,112%,,
11/1/1940,92%,95%,105%,101%,100%,101%,98%,100%,102%,102%,,
12/1/1940,77%,90%,96%,97%,95%,98%,99%,100%,101%,106%,,
1/1/1941,145%,101%,101%,95%,95%,90%,90%,92%,92%,90%,,
2/1/1941,96%,93%,95%,95%,95%,98%,97%,92%,98%,97%,,
3/1/1941,99%,105%,103%,103%,103%,100%,103%,106%,106%,102%,,
4/1/1941,79%,84%,85%,85%,87%,89%,88%,96%,91%,90%,,
5/1/1941,97%,100%,103%,103%,104%,103%,103%,104%,104%,105%,,
6/1/1941,119%,117%,116%,114%,114%,115%,115%,114%,118%,119%,,
7/1/1941,167%,140%,134%,131%,124%,127%,124%,126%,124%,131%,,
8/1/1941,96%,92%,98%,98%,98%,101%,105%,100%,100%,99%,,
9/1/1941,92%,98%,100%,94%,98%,93%,95%,96%,95%,94%,,
10/1/1941,72%,85%,87%,84%,87%,85%,91%,90%,91%,93%,,
11/1/1941,78%,91%,89%,90%,92%,94%,98%,97%,98%,98%,,
12/1/1941,68%,79%,84%,85%,88%,85%,85%,86%,83%,80%,,
1/1/1942,186%,152%,121%,126%,120%,117%,116%,116%,129%,147%,,
2/1/1942,102%,99%,95%,93%,97%,94%,97%,96%,97%,97%,,
3/1/1942,90%,93%,88%,87%,89%,86%,92%,91%,86%,85%,,
4/1/1942,92%,90%,91%,89%,87%,87%,88%,90%,88%,95%,,
5/1/1942,114%,112%,110%,113%,104%,105%,103%,101%,104%,101%,,
6/1/1942,106%,109%,107%,106%,107%,106%,107%,103%,104%,102%,,
7/1/1942,111%,109%,112%,111%,107%,114%,111%,109%,111%,119%,,
8/1/1942,108%,107%,108%,108%,104%,108%,105%,107%,104%,110%,,
9/1/1942,126%,109%,110%,106%,106%,109%,109%,108%,109%,123%,,
10/1/1942,153%,133%,125%,124%,119%,119%,116%,120%,117%,117%,,
11/1/1942,94%,97%,95%,101%,96%,97%,99%,101%,94%,90%,,
12/1/1942,105%,110%,105%,105%,107%,109%,114%,113%,107%,109%,,
1/1/1943,140%,134%,133%,127%,138%,134%,135%,142%,161%,182%,,
2/1/1943,191%,130%,125%,143%,123%,137%,122%,121%,122%,126%,,
3/1/1943,129%,123%,122%,126%,122%,120%,127%,135%,137%,136%,,
4/1/1943,101%,100%,99%,105%,104%,101%,115%,116%,115%,129%,,
5/1/1943,110%,114%,115%,115%,112%,120%,121%,125%,130%,143%,,
6/1/1943,103%,103%,104%,107%,103%,105%,105%,104%,100%,93%,,
7/1/1943,94%,91%,90%,89%,87%,88%,85%,84%,78%,74%,,
8/1/1943,98%,102%,99%,101%,100%,106%,102%,102%,103%,95%,,
9/1/1943,103%,106%,106%,107%,106%,110%,111%,109%,112%,113%,,
10/1/1943,103%,99%,99%,99%,99%,99%,97%,100%,102%,95%,,
11/1/1943,78%,84%,87%,83%,84%,84%,85%,77%,75%,69%,,
12/1/1943,117%,119%,116%,117%,122%,120%,127%,135%,133%,136%,,
1/1/1944,109%,107%,109%,109%,110%,107%,112%,115%,109%,118%,,
2/1/1944,103%,102%,102%,104%,104%,103%,102%,103%,106%,106%,,
3/1/1944,109%,106%,107%,106%,108%,110%,108%,110%,119%,116%,,
4/1/1944,89%,92%,94%,94%,93%,95%,95%,94%,93%,94%,,
5/1/1944,110%,114%,115%,115%,113%,119%,117%,118%,120%,119%,,
6/1/1944,157%,142%,122%,123%,124%,122%,116%,118%,122%,113%,,
7/1/1944,91%,102%,95%,98%,98%,98%,97%,98%,97%,96%,,
8/1/1944,101%,103%,104%,106%,104%,105%,108%,111%,113%,118%,,
9/1/1944,101%,99%,103%,100%,99%,100%,101%,100%,99%,98%,,
10/1/1944,100%,99%,101%,100%,102%,104%,99%,100%,98%,98%,,
11/1/1944,104%,105%,105%,103%,106%,106%,105%,106%,106%,108%,,
12/1/1944,114%,110%,116%,112%,115%,118%,119%,119%,126%,120%,,
1/1/1945,111%,109%,109%,109%,108%,108%,107%,110%,115%,120%,,
2/1/1945,121%,115%,116%,117%,121%,122%,119%,126%,123%,128%,,
3/1/1945,92%,93%,90%,89%,86%,88%,88%,88%,83%,80%,,
4/1/1945,117%,116%,118%,117%,124%,122%,123%,122%,127%,132%,,
5/1/1945,110%,107%,105%,108%,102%,106%,107%,106%,111%,107%,,
6/1/1945,106%,104%,105%,103%,107%,104%,108%,113%,116%,121%,,
7/1/1945,92%,94%,93%,95%,93%,93%,94%,92%,89%,88%,,
8/1/1945,115%,117%,116%,119%,118%,119%,119%,116%,113%,108%,,
9/1/1945,114%,114%,112%,116%,116%,114%,116%,118%,116%,113%,,
10/1/1945,118%,113%,115%,118%,117%,118%,113%,114%,115%,116%,,
11/1/1945,120%,115%,118%,123%,119%,124%,125%,128%,134%,123%,,
12/1/1945,103%,105%,103%,106%,103%,109%,106%,108%,106%,109%,,
1/1/1946,119%,113%,119%,120%,126%,128%,125%,120%,127%,137%,,
2/1/1946,90%,86%,87%,85%,88%,86%,81%,85%,84%,83%,,
3/1/1946,112%,112%,113%,112%,111%,116%,117%,119%,116%,113%,,
4/1/1946,107%,108%,108%,112%,116%,114%,113%,116%,117%,117%,,
5/1/1946,115%,114%,110%,117%,115%,114%,114%,115%,111%,108%,,
6/1/1946,90%,93%,90%,93%,88%,89%,88%,86%,87%,86%,,
7/1/1946,88%,91%,92%,91%,90%,91%,90%,92%,91%,92%,,
8/1/1946,82%,85%,84%,87%,85%,85%,82%,82%,82%,82%,,
9/1/1946,65%,70%,71%,73%,74%,73%,74%,73%,74%,71%,,
10/1/1946,96%,96%,96%,96%,99%,99%,98%,99%,97%,96%,,
11/1/1946,94%,96%,103%,100%,100%,103%,102%,101%,99%,97%,,
12/1/1946,105%,108%,117%,113%,111%,111%,111%,107%,111%,118%,,
1/1/1947,119%,117%,111%,111%,105%,106%,101%,103%,99%,100%,,
2/1/1947,100%,98%,96%,99%,99%,99%,99%,98%,98%,99%,,
3/1/1947,84%,90%,91%,93%,94%,95%,96%,97%,96%,97%,,
4/1/1947,70%,78%,80%,81%,84%,84%,86%,89%,86%,85%,,
5/1/1947,84%,87%,88%,92%,95%,92%,92%,94%,95%,95%,,
6/1/1947,119%,114%,113%,117%,112%,114%,116%,113%,111%,111%,,
7/1/1947,120%,120%,117%,115%,116%,113%,111%,112%,111%,114%,,
8/1/1947,91%,93%,92%,97%,96%,96%,98%,101%,99%,99%,,
9/1/1947,104%,97%,100%,101%,101%,100%,102%,100%,102%,106%,,
10/1/1947,107%,110%,109%,109%,106%,109%,106%,108%,107%,111%,,
11/1/1947,84%,89%,90%,92%,94%,94%,96%,97%,98%,100%,,
12/1/1947,97%,102%,100%,107%,106%,103%,107%,107%,113%,114%,,
1/1/1948,106%,100%,101%,100%,93%,93%,94%,94%,90%,91%,,
2/1/1948,80%,85%,86%,87%,89%,89%,90%,88%,87%,87%,,
3/1/1948,132%,124%,119%,124%,121%,118%,120%,124%,124%,130%,,
4/1/1948,100%,106%,110%,106%,111%,106%,109%,112%,113%,118%,,
5/1/1948,126%,124%,115%,120%,124%,118%,119%,122%,125%,120%,,
6/1/1948,87%,94%,94%,95%,97%,97%,98%,100%,100%,109%,,
7/1/1948,88%,87%,91%,91%,89%,87%,87%,89%,85%,88%,,
8/1/1948,96%,99%,101%,100%,100%,98%,101%,100%,100%,101%,,
9/1/1948,84%,91%,93%,93%,93%,92%,91%,90%,90%,88%,,
10/1/1948,110%,111%,112%,111%,109%,112%,115%,116%,113%,117%,,
11/1/1948,67%,76%,78%,82%,81%,80%,80%,78%,78%,73%,,
12/1/1948,94%,100%,98%,101%,103%,103%,104%,107%,109%,111%,,
1/1/1949,114%,107%,104%,106%,105%,102%,103%,101%,102%,99%,,
2/1/1949,87%,90%,90%,92%,93%,90%,94%,92%,91%,90%,,
3/1/1949,119%,116%,117%,112%,115%,109%,113%,112%,113%,117%,,
4/1/1949,88%,89%,91%,92%,94%,93%,93%,96%,97%,97%,,
5/1/1949,81%,86%,89%,90%,90%,93%,95%,91%,95%,94%,,
6/1/1949,99%,99%,99%,99%,97%,96%,97%,101%,97%,100%,,
7/1/1949,118%,117%,116%,117%,116%,114%,114%,112%,113%,114%,,
8/1/1949,105%,106%,103%,106%,107%,107%,106%,105%,108%,105%,,
9/1/1949,118%,113%,110%,109%,108%,107%,109%,108%,109%,112%,,
10/1/1949,116%,108%,110%,110%,106%,108%,109%,106%,108%,111%,,
11/1/1949,92%,103%,103%,102%,101%,103%,104%,102%,106%,105%,,
12/1/1949,122%,122%,118%,119%,113%,114%,114%,116%,117%,116%,,
1/1/1950,118%,115%,112%,109%,106%,108%,105%,106%,107%,109%,,
2/1/1950,101%,105%,104%,101%,102%,104%,103%,104%,109%,106%,,
3/1/1950,95%,98%,100%,100%,98%,100%,99%,102%,99%,105%,,
4/1/1950,118%,117%,110%,110%,113%,111%,107%,111%,110%,110%,,
5/1/1950,109%,110%,104%,106%,110%,106%,110%,108%,108%,108%,,
6/1/1950,85%,87%,84%,87%,84%,84%,84%,81%,79%,81%,,
7/1/1950,114%,114%,106%,112%,114%,113%,115%,117%,115%,104%,,
8/1/1950,110%,109%,111%,113%,109%,110%,111%,114%,115%,117%,,
9/1/1950,117%,112%,116%,112%,111%,112%,113%,113%,112%,113%,,
10/1/1950,97%,95%,99%,100%,99%,98%,100%,100%,101%,101%,,
11/1/1950,101%,101%,103%,106%,108%,114%,106%,112%,111%,116%,,
12/1/1950,114%,113%,116%,118%,123%,119%,123%,125%,126%,133%,,
1/1/1951,121%,116%,118%,115%,118%,116%,119%,117%,121%,122%,,
2/1/1951,105%,106%,104%,101%,104%,102%,101%,101%,102%,102%,,
3/1/1951,98%,93%,96%,94%,94%,92%,91%,89%,90%,86%,,
4/1/1951,102%,103%,104%,108%,108%,111%,115%,116%,114%,117%,,
5/1/1951,94%,95%,96%,94%,93%,96%,94%,96%,94%,92%,,
6/1/1951,92%,94%,94%,92%,91%,90%,87%,88%,88%,82%,,
7/1/1951,105%,109%,109%,111%,112%,113%,118%,122%,125%,127%,,
8/1/1951,114%,110%,109%,108%,111%,112%,112%,111%,113%,111%,,
9/1/1951,102%,105%,104%,107%,104%,104%,106%,109%,105%,105%,,
10/1/1951,95%,94%,97%,96%,96%,91%,92%,94%,95%,94%,,
11/1/1951,99%,101%,100%,102%,102%,101%,104%,103%,103%,102%,,
12/1/1951,101%,101%,103%,102%,103%,104%,104%,105%,107%,105%,,
1/1/1952,103%,101%,103%,106%,105%,104%,102%,106%,104%,106%,,
2/1/1952,93%,95%,96%,97%,96%,99%,96%,96%,94%,92%,,
3/1/1952,104%,106%,105%,106%,105%,107%,106%,108%,109%,111%,,
4/1/1952,87%,92%,92%,90%,93%,92%,92%,91%,88%,84%,,
5/1/1952,104%,103%,105%,105%,105%,106%,107%,106%,107%,106%,,
6/1/1952,105%,106%,106%,109%,108%,106%,108%,108%,108%,109%,,
7/1/1952,100%,101%,104%,104%,104%,104%,102%,102%,103%,102%,,
8/1/1952,100%,99%,100%,101%,99%,99%,101%,101%,100%,100%,,
9/1/1952,92%,94%,96%,96%,96%,99%,99%,97%,99%,97%,,
10/1/1952,94%,93%,96%,99%,96%,98%,97%,100%,99%,102%,,
11/1/1952,113%,115%,110%,112%,112%,113%,114%,114%,115%,115%,,
12/1/1952,102%,103%,103%,104%,108%,106%,106%,109%,106%,106%,,
1/1/1953,110%,105%,105%,105%,105%,106%,105%,108%,103%,105%,,
2/1/1953,104%,102%,102%,101%,103%,103%,102%,104%,103%,105%,,
3/1/1953,97%,97%,98%,100%,99%,97%,97%,98%,98%,94%,,
4/1/1953,90%,93%,94%,96%,95%,96%,96%,96%,95%,95%,,
5/1/1953,99%,99%,100%,102%,102%,101%,101%,103%,103%,104%,,
6/1/1953,89%,95%,93%,93%,92%,93%,95%,92%,94%,92%,,
7/1/1953,102%,105%,104%,104%,104%,106%,105%,104%,103%,105%,,
8/1/1953,84%,85%,88%,88%,92%,89%,90%,90%,90%,89%,,
9/1/1953,91%,94%,97%,98%,97%,99%,98%,99%,101%,101%,,
10/1/1953,104%,109%,110%,108%,109%,111%,109%,109%,109%,111%,,
11/1/1953,103%,103%,103%,102%,107%,105%,107%,107%,106%,108%,,
12/1/1953,84%,91%,92%,96%,97%,98%,101%,102%,102%,104%,,
1/1/1954,133%,126%,122%,118%,118%,115%,112%,110%,110%,110%,,
2/1/1954,100%,100%,104%,101%,102%,103%,105%,104%,106%,105%,,
3/1/1954,105%,106%,103%,103%,104%,107%,108%,107%,110%,114%,,
4/1/1954,94%,98%,100%,103%,103%,107%,108%,105%,109%,110%,,
5/1/1954,114%,113%,114%,109%,109%,108%,110%,109%,106%,109%,,
6/1/1954,101%,98%,100%,103%,102%,107%,103%,103%,106%,107%,,
7/1/1954,124%,119%,117%,116%,117%,114%,115%,119%,115%,119%,,
8/1/1954,100%,100%,98%,99%,99%,100%,95%,97%,95%,98%,,
9/1/1954,109%,109%,107%,110%,109%,110%,111%,113%,112%,114%,,
10/1/1954,95%,98%,98%,97%,98%,99%,98%,99%,101%,101%,,
11/1/1954,123%,121%,120%,118%,118%,120%,126%,125%,127%,125%,,
12/1/1954,132%,127%,118%,119%,119%,121%,121%,121%,119%,121%,,
1/1/1955,103%,101%,103%,103%,102%,102%,105%,101%,105%,110%,,
2/1/1955,109%,107%,108%,108%,107%,110%,112%,114%,112%,113%,,
3/1/1955,97%,100%,100%,100%,99%,101%,100%,98%,104%,103%,,
4/1/1955,105%,106%,105%,105%,104%,108%,107%,105%,105%,105%,,
5/1/1955,100%,103%,102%,103%,102%,101%,103%,100%,100%,103%,,
6/1/1955,105%,107%,106%,108%,108%,109%,112%,109%,109%,111%,,
7/1/1955,103%,103%,103%,101%,104%,100%,102%,100%,104%,97%,,
8/1/1955,98%,100%,100%,101%,100%,103%,102%,101%,103%,106%,,
9/1/1955,98%,99%,98%,97%,96%,98%,96%,100%,98%,102%,,
10/1/1955,95%,96%,96%,96%,97%,99%,97%,95%,97%,94%,,
11/1/1955,113%,109%,108%,110%,113%,113%,113%,115%,117%,120%,,
12/1/1955,106%,106%,106%,104%,106%,104%,103%,108%,106%,105%,,
1/1/1956,98%,96%,97%,98%,96%,96%,93%,95%,95%,90%,,
2/1/1956,107%,106%,104%,108%,107%,107%,107%,108%,112%,113%,,
3/1/1956,103%,110%,109%,112%,113%,111%,114%,115%,118%,117%,,
4/1/1956,99%,99%,99%,97%,99%,100%,102%,102%,105%,107%,,
5/1/1956,90%,91%,94%,92%,94%,91%,91%,88%,87%,92%,,
6/1/1956,101%,102%,104%,102%,105%,104%,105%,108%,109%,111%,,
7/1/1956,103%,108%,108%,106%,109%,112%,110%,111%,112%,115%,,
8/1/1956,96%,96%,96%,96%,97%,99%,96%,95%,93%,95%,,
9/1/1956,90%,94%,93%,94%,95%,92%,91%,92%,89%,91%,,
10/1/1956,98%,99%,99%,101%,102%,102%,103%,101%,104%,108%,,
11/1/1956,95%,100%,99%,99%,101%,102%,102%,104%,104%,107%,,
12/1/1956,100%,101%,101%,105%,103%,104%,105%,111%,110%,114%,,
1/1/1957,111%,104%,103%,100%,101%,101%,98%,98%,93%,97%,,
2/1/1957,90%,93%,97%,98%,97%,97%,95%,93%,95%,94%,,
3/1/1957,103%,103%,106%,105%,107%,107%,105%,105%,104%,107%,,
4/1/1957,104%,105%,104%,107%,106%,103%,107%,106%,108%,111%,,
5/1/1957,105%,107%,103%,104%,104%,106%,105%,102%,107%,107%,,
6/1/1957,99%,98%,97%,98%,98%,97%,98%,99%,97%,102%,,
7/1/1957,99%,101%,103%,103%,102%,102%,101%,103%,99%,98%,,
8/1/1957,83%,87%,90%,91%,92%,95%,91%,89%,88%,87%,,
9/1/1957,84%,84%,89%,90%,90%,90%,91%,92%,90%,85%,,
10/1/1957,76%,82%,85%,87%,90%,89%,89%,89%,87%,86%,,
11/1/1957,107%,101%,99%,102%,102%,104%,104%,108%,109%,111%,,
12/1/1957,76%,81%,83%,84%,90%,92%,99%,97%,97%,98%,,
1/1/1958,155%,137%,132%,128%,130%,122%,118%,117%,114%,113%,,
2/1/1958,89%,93%,93%,95%,98%,98%,101%,101%,103%,104%,,
3/1/1958,110%,111%,112%,104%,107%,106%,107%,106%,108%,113%,,
4/1/1958,109%,106%,105%,105%,106%,109%,105%,106%,110%,111%,,
5/1/1958,112%,111%,110%,108%,109%,111%,107%,106%,108%,108%,,
6/1/1958,117%,108%,106%,110%,107%,104%,106%,107%,104%,108%,,
7/1/1958,123%,121%,115%,115%,114%,113%,110%,107%,107%,106%,,
8/1/1958,104%,108%,106%,107%,108%,109%,109%,105%,105%,110%,,
9/1/1958,120%,113%,113%,114%,112%,111%,110%,109%,112%,112%,,
10/1/1958,105%,102%,105%,103%,109%,106%,109%,109%,111%,118%,,
11/1/1958,106%,109%,110%,110%,107%,108%,110%,109%,112%,117%,,
12/1/1958,109%,111%,111%,107%,110%,107%,110%,108%,108%,109%,,
1/1/1959,108%,110%,110%,110%,111%,114%,111%,109%,107%,110%,,
2/1/1959,105%,103%,102%,103%,106%,104%,110%,109%,109%,113%,,
3/1/1959,100%,101%,101%,102%,103%,103%,104%,104%,103%,107%,,
4/1/1959,101%,103%,103%,103%,103%,106%,109%,113%,110%,112%,,
5/1/1959,100%,101%,102%,99%,104%,102%,105%,102%,102%,101%,,
6/1/1959,95%,98%,100%,101%,101%,99%,101%,105%,107%,105%,,
7/1/1959,107%,107%,105%,108%,106%,105%,108%,109%,112%,105%,,
8/1/1959,93%,98%,101%,99%,99%,99%,95%,95%,95%,93%,,
9/1/1959,91%,87%,90%,91%,90%,90%,90%,89%,91%,90%,,
10/1/1959,98%,99%,105%,102%,103%,102%,104%,108%,112%,115%,,
11/1/1959,102%,102%,101%,103%,103%,102%,106%,102%,105%,110%,,
12/1/1959,101%,106%,103%,105%,107%,104%,105%,108%,106%,105%,,
1/1/1960,96%,94%,94%,94%,92%,94%,89%,87%,87%,86%,,
2/1/1960,95%,100%,99%,103%,102%,103%,102%,102%,104%,110%,,
3/1/1960,87%,95%,95%,94%,94%,97%,96%,96%,97%,93%,,
4/1/1960,90%,90%,94%,96%,97%,97%,96%,97%,95%,101%,,
5/1/1960,102%,100%,101%,102%,106%,102%,106%,106%,110%,117%,,
6/1/1960,100%,107%,101%,104%,107%,103%,104%,106%,108%,109%,,
7/1/1960,94%,99%,95%,97%,97%,97%,96%,96%,96%,90%,,
8/1/1960,111%,106%,112%,108%,106%,107%,108%,111%,111%,112%,,
9/1/1960,80%,84%,87%,86%,89%,87%,91%,88%,90%,84%,,
10/1/1960,88%,93%,94%,95%,97%,97%,98%,98%,98%,92%,,
11/1/1960,107%,109%,107%,108%,109%,111%,111%,116%,111%,121%,,
12/1/1960,109%,107%,108%,110%,110%,107%,109%,109%,110%,110%,,
1/1/1961,132%,131%,124%,121%,119%,114%,117%,116%,116%,109%,,
2/1/1961,120%,113%,113%,113%,111%,113%,113%,113%,113%,122%,,
3/1/1961,113%,108%,109%,109%,112%,108%,109%,111%,114%,119%,,
4/1/1961,95%,100%,98%,101%,103%,103%,102%,106%,104%,105%,,
5/1/1961,115%,111%,113%,111%,108%,109%,109%,111%,110%,105%,,
6/1/1961,88%,88%,91%,92%,91%,95%,91%,91%,92%,89%,,
7/1/1961,98%,102%,105%,102%,104%,104%,105%,102%,102%,104%,,
8/1/1961,104%,102%,103%,104%,105%,106%,106%,104%,107%,110%,,
9/1/1961,90%,91%,91%,94%,96%,96%,96%,94%,94%,94%,,
10/1/1961,99%,100%,104%,104%,108%,105%,106%,105%,106%,114%,,
11/1/1961,112%,108%,108%,110%,109%,111%,110%,112%,114%,118%,,
12/1/1961,103%,103%,99%,101%,101%,99%,97%,96%,98%,96%,,
1/1/1962,101%,101%,99%,102%,101%,100%,97%,96%,95%,91%,,
2/1/1962,101%,102%,104%,105%,105%,106%,105%,102%,101%,103%,,
3/1/1962,93%,97%,97%,99%,100%,99%,101%,102%,99%,99%,,
4/1/1962,81%,82%,83%,84%,86%,88%,88%,87%,85%,86%,,
5/1/1962,73%,79%,79%,80%,80%,84%,80%,79%,78%,76%,,
6/1/1962,71%,75%,78%,80%,83%,85%,85%,85%,87%,88%,,
7/1/1962,124%,116%,111%,113%,111%,118%,114%,114%,117%,116%,,
8/1/1962,113%,106%,105%,107%,105%,105%,108%,105%,104%,108%,,
9/1/1962,79%,82%,83%,86%,86%,88%,91%,90%,92%,88%,,
10/1/1962,90%,96%,93%,93%,97%,100%,97%,97%,96%,94%,,
11/1/1962,157%,149%,141%,136%,134%,130%,127%,125%,126%,125%,,
12/1/1962,88%,90%,94%,97%,97%,101%,102%,103%,104%,105%,,
1/1/1963,126%,122%,124%,118%,119%,117%,115%,116%,115%,117%,,
2/1/1963,91%,94%,95%,95%,96%,98%,100%,99%,99%,100%,,
3/1/1963,99%,102%,105%,103%,106%,105%,108%,105%,106%,108%,,
4/1/1963,106%,109%,109%,110%,108%,109%,109%,112%,110%,109%,,
5/1/1963,108%,108%,106%,108%,105%,108%,108%,108%,108%,111%,,
6/1/1963,95%,96%,96%,96%,96%,97%,95%,98%,98%,96%,,
7/1/1963,95%,99%,96%,98%,98%,99%,97%,98%,99%,99%,,
8/1/1963,107%,106%,109%,108%,111%,110%,110%,112%,113%,120%,,
9/1/1963,96%,99%,98%,100%,97%,99%,97%,95%,96%,98%,,
10/1/1963,102%,100%,99%,100%,102%,106%,103%,105%,107%,109%,,
11/1/1963,92%,97%,97%,98%,97%,98%,99%,98%,98%,96%,,
12/1/1963,90%,96%,99%,101%,103%,101%,104%,105%,102%,99%,,
1/1/1964,112%,106%,109%,106%,105%,107%,108%,109%,104%,108%,,
2/1/1964,107%,107%,106%,104%,105%,106%,105%,105%,107%,108%,,
3/1/1964,102%,106%,110%,107%,107%,107%,108%,107%,108%,108%,,
4/1/1964,101%,97%,102%,99%,102%,101%,99%,99%,100%,99%,,
5/1/1964,96%,101%,102%,102%,101%,103%,104%,103%,103%,106%,,
6/1/1964,101%,101%,102%,103%,103%,104%,104%,103%,103%,103%,,
7/1/1964,106%,105%,108%,108%,109%,108%,107%,107%,108%,106%,,
8/1/1964,98%,100%,101%,100%,99%,98%,99%,98%,98%,98%,,
9/1/1964,110%,106%,115%,109%,107%,105%,109%,110%,109%,112%,,
10/1/1964,101%,103%,106%,103%,107%,102%,106%,106%,106%,106%,,
11/1/1964,94%,99%,102%,102%,104%,100%,103%,100%,101%,100%,,
12/1/1964,93%,99%,97%,98%,98%,98%,99%,97%,97%,96%,,
1/1/1965,128%,118%,115%,112%,114%,116%,116%,114%,115%,119%,,
2/1/1965,109%,108%,107%,104%,108%,107%,108%,107%,109%,110%,,
3/1/1965,104%,106%,103%,103%,99%,100%,101%,104%,103%,106%,,
4/1/1965,107%,108%,110%,109%,108%,110%,109%,112%,113%,112%,,
5/1/1965,96%,98%,98%,98%,97%,99%,99%,100%,98%,102%,,
6/1/1965,80%,84%,86%,85%,86%,84%,82%,81%,79%,76%,,
7/1/1965,102%,103%,105%,105%,107%,105%,107%,110%,111%,112%,,
8/1/1965,109%,110%,109%,106%,107%,107%,110%,112%,113%,114%,,
9/1/1965,101%,103%,106%,106%,106%,105%,108%,110%,112%,110%,,
10/1/1965,116%,113%,108%,110%,110%,115%,113%,114%,115%,122%,,
11/1/1965,109%,110%,103%,107%,108%,112%,115%,110%,116%,123%,,
12/1/1965,113%,110%,107%,107%,110%,109%,111%,110%,108%,111%,,
1/1/1966,120%,114%,108%,110%,113%,113%,114%,114%,119%,123%,,
2/1/1966,107%,99%,102%,103%,104%,105%,108%,106%,110%,122%,,
3/1/1966,99%,97%,97%,97%,97%,97%,99%,97%,97%,102%,,
4/1/1966,100%,101%,104%,109%,108%,111%,115%,114%,117%,123%,,
5/1/1966,82%,88%,89%,88%,84%,83%,81%,81%,77%,69%,,
6/1/1966,95%,97%,96%,98%,99%,96%,98%,101%,101%,103%,,
7/1/1966,96%,100%,97%,97%,97%,95%,97%,96%,96%,95%,,
8/1/1966,76%,80%,83%,81%,81%,80%,78%,77%,77%,74%,,
9/1/1966,96%,98%,98%,96%,98%,97%,96%,94%,95%,94%,,
10/1/1966,94%,105%,106%,104%,103%,100%,99%,96%,93%,85%,,
11/1/1966,111%,107%,102%,102%,104%,109%,106%,106%,114%,123%,,
12/1/1966,101%,102%,105%,104%,103%,103%,105%,105%,104%,108%,,
1/1/1967,180%,152%,151%,138%,141%,132%,131%,130%,135%,138%,,
2/1/1967,115%,110%,108%,107%,109%,108%,108%,106%,111%,114%,,
3/1/1967,111%,112%,112%,115%,114%,110%,118%,113%,116%,122%,,
4/1/1967,106%,107%,111%,112%,106%,108%,109%,113%,112%,115%,,
5/1/1967,98%,101%,100%,99%,101%,96%,95%,101%,97%,96%,,
6/1/1967,120%,114%,111%,111%,118%,112%,120%,123%,129%,137%,,
7/1/1967,128%,123%,119%,116%,116%,120%,122%,120%,118%,121%,,
8/1/1967,105%,102%,106%,102%,104%,101%,103%,102%,101%,97%,,
9/1/1967,111%,109%,112%,110%,115%,114%,115%,116%,124%,119%,,
10/1/1967,91%,92%,94%,93%,94%,94%,94%,98%,99%,100%,,
11/1/1967,101%,98%,102%,98%,97%,101%,103%,101%,98%,101%,,
12/1/1967,109%,113%,110%,115%,111%,118%,119%,117%,124%,134%,,
1/1/1968,104%,102%,107%,103%,109%,106%,106%,106%,106%,107%,,
2/1/1968,89%,94%,95%,92%,91%,89%,90%,87%,86%,80%,,
3/1/1968,94%,98%,96%,99%,99%,98%,95%,99%,99%,99%,,
4/1/1968,135%,122%,124%,124%,126%,130%,132%,136%,142%,153%,,
5/1/1968,118%,111%,117%,117%,116%,118%,119%,121%,127%,140%,,
6/1/1968,103%,108%,107%,104%,106%,106%,104%,101%,104%,100%,,
7/1/1968,88%,94%,95%,92%,96%,95%,95%,94%,93%,95%,,
8/1/1968,102%,103%,106%,105%,108%,108%,108%,110%,112%,116%,,
9/1/1968,120%,116%,116%,112%,113%,112%,113%,116%,117%,124%,,
10/1/1968,100%,103%,104%,102%,105%,102%,106%,101%,105%,98%,,
11/1/1968,119%,116%,119%,115%,121%,116%,115%,114%,117%,121%,,
12/1/1968,96%,100%,99%,102%,102%,103%,103%,102%,103%,102%,,
1/1/1969,98%,101%,101%,98%,100%,98%,99%,98%,100%,98%,,
2/1/1969,78%,85%,86%,85%,85%,84%,82%,81%,81%,76%,,
3/1/1969,99%,99%,101%,101%,102%,103%,105%,107%,108%,112%,,
4/1/1969,98%,101%,99%,100%,99%,103%,102%,101%,103%,102%,,
5/1/1969,97%,101%,99%,100%,104%,100%,100%,102%,100%,106%,,
6/1/1969,71%,74%,77%,77%,79%,81%,79%,79%,76%,71%,,
7/1/1969,73%,75%,79%,83%,85%,84%,83%,81%,80%,78%,,
8/1/1969,112%,111%,112%,108%,109%,109%,110%,112%,116%,120%,,
9/1/1969,90%,92%,93%,95%,96%,94%,96%,95%,98%,98%,,
10/1/1969,139%,127%,124%,118%,118%,119%,116%,117%,118%,117%,,
11/1/1969,80%,84%,85%,90%,86%,87%,90%,92%,93%,95%,,
12/1/1969,73%,78%,81%,81%,85%,88%,92%,91%,96%,95%,,
1/1/1970,98%,98%,94%,91%,89%,87%,89%,86%,83%,86%,,
2/1/1970,107%,108%,111%,110%,112%,112%,112%,113%,115%,110%,,
3/1/1970,92%,94%,96%,97%,98%,100%,98%,98%,94%,88%,,
4/1/1970,59%,64%,66%,68%,70%,74%,77%,71%,68%,64%,,
5/1/1970,83%,79%,81%,81%,77%,80%,82%,79%,80%,79%,,
6/1/1970,75%,77%,81%,85%,86%,85%,87%,90%,95%,95%,,
7/1/1970,110%,112%,116%,117%,116%,116%,117%,116%,115%,112%,,
8/1/1970,123%,122%,116%,116%,113%,113%,112%,110%,107%,107%,,
9/1/1970,163%,146%,137%,130%,124%,117%,114%,113%,112%,119%,,
10/1/1970,72%,76%,84%,90%,91%,97%,97%,96%,101%,98%,,
11/1/1970,88%,96%,98%,101%,105%,106%,109%,111%,110%,110%,,
12/1/1970,116%,123%,120%,121%,124%,124%,121%,119%,118%,116%,,
1/1/1971,157%,148%,147%,135%,124%,125%,122%,119%,117%,117%,,
2/1/1971,121%,110%,110%,108%,109%,108%,106%,105%,105%,113%,,
3/1/1971,113%,114%,114%,117%,112%,114%,108%,115%,112%,117%,,
4/1/1971,103%,105%,108%,107%,106%,105%,106%,108%,110%,107%,,
5/1/1971,84%,89%,89%,88%,88%,91%,91%,88%,90%,92%,,
6/1/1971,89%,94%,96%,94%,97%,96%,96%,97%,101%,102%,,
7/1/1971,85%,92%,92%,91%,89%,89%,89%,87%,85%,83%,,
8/1/1971,103%,105%,103%,108%,110%,114%,113%,113%,113%,118%,,
9/1/1971,91%,97%,95%,98%,97%,101%,99%,101%,101%,105%,,
10/1/1971,84%,87%,87%,90%,90%,88%,87%,88%,88%,88%,,
11/1/1971,88%,90%,91%,94%,94%,94%,93%,95%,95%,95%,,
12/1/1971,134%,132%,128%,127%,127%,129%,126%,130%,127%,132%,,
1/1/1972,144%,129%,130%,120%,123%,118%,119%,119%,122%,124%,,
2/1/1972,111%,110%,103%,106%,107%,107%,116%,111%,111%,115%,,
3/1/1972,95%,99%,99%,102%,101%,101%,101%,100%,102%,103%,,
4/1/1972,93%,101%,97%,101%,102%,101%,102%,102%,104%,106%,,
5/1/1972,90%,93%,93%,95%,96%,96%,97%,96%,100%,102%,,
6/1/1972,89%,91%,93%,93%,95%,93%,92%,92%,93%,94%,,
7/1/1972,89%,92%,93%,94%,94%,95%,96%,93%,95%,93%,,
8/1/1972,102%,109%,105%,107%,104%,105%,101%,102%,103%,97%,,
9/1/1972,88%,91%,94%,96%,94%,92%,95%,93%,94%,94%,,
10/1/1972,92%,94%,99%,99%,100%,98%,101%,96%,97%,98%,,
11/1/1972,113%,114%,116%,115%,112%,112%,113%,109%,111%,107%,,
12/1/1972,86%,91%,93%,95%,95%,95%,99%,98%,100%,104%,,
1/1/1973,90%,92%,91%,92%,92%,90%,92%,89%,92%,91%,,
2/1/1973,81%,82%,82%,86%,87%,88%,86%,87%,85%,81%,,
3/1/1973,89%,92%,94%,95%,93%,94%,94%,96%,97%,103%,,
4/1/1973,75%,80%,83%,84%,84%,87%,92%,92%,91%,88%,,
5/1/1973,74%,77%,77%,78%,84%,83%,87%,91%,92%,91%,,
6/1/1973,86%,88%,92%,93%,92%,96%,94%,99%,96%,97%,,
7/1/1973,151%,141%,137%,130%,133%,123%,122%,117%,109%,118%,,
8/1/1973,80%,83%,89%,89%,91%,93%,93%,95%,97%,97%,,
9/1/1973,122%,123%,123%,125%,123%,125%,120%,118%,119%,121%,,
10/1/1973,92%,97%,97%,101%,102%,101%,102%,101%,107%,112%,,
11/1/1973,53%,57%,59%,63%,64%,69%,69%,71%,68%,71%,,
12/1/1973,76%,80%,88%,89%,94%,95%,98%,102%,110%,116%,,
1/1/1974,168%,152%,140%,131%,132%,127%,119%,119%,116%,110%,,
2/1/1974,98%,103%,104%,103%,105%,101%,101%,104%,101%,99%,,
3/1/1974,107%,107%,105%,102%,102%,101%,99%,100%,98%,93%,,
4/1/1974,85%,87%,88%,89%,88%,88%,89%,91%,90%,88%,,
5/1/1974,81%,83%,84%,85%,85%,86%,87%,85%,85%,83%,,
6/1/1974,91%,90%,92%,93%,93%,94%,92%,95%,96%,97%,,
7/1/1974,84%,88%,89%,88%,89%,90%,87%,89%,89%,91%,,
8/1/1974,78%,81%,80%,82%,82%,81%,84%,85%,84%,88%,,
9/1/1974,77%,81%,80%,84%,82%,85%,84%,86%,86%,83%,,
10/1/1974,121%,122%,123%,124%,121%,117%,121%,121%,120%,132%,,
11/1/1974,82%,86%,89%,88%,90%,88%,90%,91%,93%,94%,,
12/1/1974,78%,78%,82%,84%,82%,85%,86%,86%,86%,88%,,
1/1/1975,237%,204%,204%,183%,182%,172%,166%,159%,162%,147%,,
2/1/1975,114%,117%,114%,112%,114%,111%,115%,112%,111%,114%,,
3/1/1975,137%,126%,123%,113%,112%,115%,113%,114%,117%,118%,,
4/1/1975,106%,105%,108%,105%,107%,107%,108%,109%,112%,117%,,
5/1/1975,122%,119%,119%,117%,116%,114%,114%,117%,120%,120%,,
6/1/1975,122%,116%,118%,116%,117%,120%,116%,116%,115%,116%,,
7/1/1975,102%,102%,99%,98%,97%,93%,93%,97%,94%,96%,,
8/1/1975,88%,89%,91%,90%,90%,89%,89%,89%,88%,90%,,
9/1/1975,91%,92%,92%,92%,92%,93%,93%,91%,90%,92%,,
10/1/1975,98%,103%,104%,105%,106%,107%,107%,105%,107%,107%,,
11/1/1975,102%,104%,104%,106%,105%,105%,107%,105%,106%,106%,,
12/1/1975,100%,101%,100%,99%,98%,99%,99%,97%,98%,96%,,
1/1/1976,142%,143%,146%,150%,152%,152%,157%,149%,157%,162%,,
2/1/1976,141%,128%,125%,120%,122%,119%,122%,124%,122%,126%,,
3/1/1976,105%,105%,103%,102%,104%,107%,106%,107%,106%,105%,,
4/1/1976,100%,99%,98%,100%,98%,100%,98%,99%,98%,96%,,
5/1/1976,99%,98%,97%,97%,98%,98%,95%,94%,93%,90%,,
6/1/1976,105%,107%,109%,107%,108%,106%,107%,107%,109%,107%,,
7/1/1976,101%,100%,101%,101%,102%,101%,101%,102%,99%,100%,,
8/1/1976,93%,96%,97%,100%,99%,98%,97%,98%,96%,94%,,
9/1/1976,102%,104%,104%,103%,107%,105%,106%,105%,105%,106%,,
10/1/1976,93%,98%,95%,95%,95%,96%,96%,94%,96%,95%,,
11/1/1976,103%,103%,105%,107%,106%,107%,108%,108%,109%,108%,,
12/1/1976,130%,125%,125%,122%,120%,122%,123%,123%,124%,124%,,
1/1/1977,108%,108%,106%,104%,108%,110%,108%,108%,109%,111%,,
2/1/1977,100%,100%,101%,100%,100%,99%,103%,99%,102%,103%,,
3/1/1977,103%,101%,102%,101%,103%,101%,102%,103%,104%,103%,,
4/1/1977,102%,100%,102%,102%,104%,105%,106%,106%,106%,107%,,
5/1/1977,99%,101%,100%,100%,103%,100%,103%,101%,99%,102%,,
6/1/1977,110%,112%,112%,113%,113%,112%,111%,113%,115%,117%,,
7/1/1977,105%,101%,102%,102%,102%,103%,102%,103%,103%,102%,,
8/1/1977,98%,101%,99%,100%,98%,98%,98%,100%,99%,101%,,
9/1/1977,100%,100%,103%,103%,103%,102%,104%,103%,105%,104%,,
10/1/1977,94%,95%,95%,95%,94%,97%,96%,95%,96%,93%,,
11/1/1977,117%,114%,114%,115%,115%,115%,115%,121%,120%,121%,,
12/1/1977,103%,102%,102%,102%,105%,104%,104%,104%,107%,107%,,
1/1/1978,103%,98%,98%,95%,95%,98%,95%,96%,96%,97%,,
2/1/1978,103%,106%,103%,106%,105%,105%,105%,108%,109%,107%,,
3/1/1978,118%,112%,116%,115%,113%,114%,115%,117%,117%,120%,,
4/1/1978,122%,120%,118%,120%,115%,115%,116%,120%,122%,122%,,
5/1/1978,121%,118%,112%,113%,110%,111%,114%,118%,117%,124%,,
6/1/1978,99%,102%,103%,102%,101%,102%,101%,103%,102%,105%,,
7/1/1978,109%,109%,110%,108%,108%,112%,114%,113%,114%,117%,,
8/1/1978,123%,116%,117%,115%,119%,119%,119%,121%,126%,132%,,
9/1/1978,105%,102%,104%,100%,104%,101%,100%,98%,101%,98%,,
10/1/1978,68%,72%,76%,72%,70%,66%,63%,61%,57%,50%,,
11/1/1978,100%,104%,105%,105%,107%,108%,111%,112%,115%,122%,,
12/1/1978,101%,101%,99%,99%,103%,103%,104%,103%,104%,106%,,
1/1/1979,131%,121%,122%,120%,120%,117%,121%,121%,123%,126%,,
2/1/1979,97%,95%,97%,96%,96%,96%,96%,96%,95%,92%,,
3/1/1979,122%,116%,116%,114%,115%,118%,121%,121%,124%,125%,,
4/1/1979,109%,103%,104%,104%,107%,104%,107%,105%,107%,109%,,
5/1/1979,97%,98%,98%,98%,99%,100%,95%,99%,98%,97%,,
6/1/1979,113%,111%,111%,113%,112%,110%,115%,113%,116%,115%,,
7/1/1979,105%,105%,107%,107%,107%,106%,106%,105%,104%,104%,,
8/1/1979,120%,121%,115%,117%,116%,117%,114%,118%,121%,120%,,
9/1/1979,95%,98%,98%,102%,98%,98%,100%,100%,101%,105%,,
10/1/1979,76%,78%,80%,82%,80%,81%,81%,81%,80%,80%,,
11/1/1979,106%,107%,109%,110%,112%,116%,118%,119%,128%,134%,,
12/1/1979,113%,112%,109%,109%,110%,114%,117%,118%,121%,129%,,
1/1/1980,126%,121%,114%,116%,115%,121%,125%,129%,131%,134%,,
2/1/1980,97%,95%,95%,93%,95%,93%,95%,99%,100%,108%,,
3/1/1980,66%,74%,73%,73%,71%,69%,68%,63%,63%,55%,,
4/1/1980,110%,116%,113%,111%,109%,110%,114%,113%,116%,117%,,
5/1/1980,120%,118%,119%,118%,118%,117%,116%,118%,114%,117%,,
6/1/1980,110%,110%,109%,109%,109%,109%,108%,109%,114%,113%,,
7/1/1980,122%,119%,119%,118%,117%,119%,123%,126%,129%,131%,,
8/1/1980,118%,111%,110%,110%,111%,110%,114%,119%,120%,124%,,
9/1/1980,114%,109%,108%,104%,104%,107%,109%,111%,113%,118%,,
10/1/1980,107%,103%,101%,103%,104%,107%,108%,111%,117%,122%,,
11/1/1980,105%,102%,103%,107%,113%,112%,117%,120%,130%,138%,,
12/1/1980,93%,97%,98%,96%,94%,94%,95%,90%,91%,88%,,
1/1/1981,108%,107%,107%,108%,105%,102%,102%,96%,97%,90%,,
2/1/1981,101%,105%,102%,105%,103%,103%,102%,103%,100%,97%,,
3/1/1981,117%,120%,121%,118%,116%,117%,116%,116%,120%,120%,,
4/1/1981,107%,105%,107%,106%,108%,105%,109%,104%,109%,109%,,
5/1/1981,103%,102%,103%,105%,106%,108%,105%,106%,108%,115%,,
6/1/1981,98%,103%,104%,102%,101%,100%,100%,99%,96%,93%,,
7/1/1981,96%,98%,99%,96%,98%,94%,95%,95%,92%,94%,,
8/1/1981,80%,86%,90%,90%,87%,86%,86%,88%,84%,79%,,
9/1/1981,74%,83%,84%,83%,84%,85%,84%,85%,86%,81%,,
10/1/1981,113%,116%,112%,112%,116%,117%,116%,118%,120%,125%,,
11/1/1981,93%,105%,104%,108%,109%,108%,111%,108%,107%,107%,,
12/1/1981,88%,93%,98%,97%,97%,100%,98%,98%,96%,96%,,
1/1/1982,98%,95%,95%,96%,97%,97%,97%,97%,96%,95%,,
2/1/1982,84%,90%,91%,90%,93%,94%,97%,95%,95%,93%,,
3/1/1982,94%,96%,97%,97%,98%,100%,98%,101%,101%,101%,,
4/1/1982,113%,112%,115%,111%,112%,115%,111%,111%,114%,112%,,
5/1/1982,90%,94%,91%,94%,96%,96%,96%,97%,98%,99%,,
6/1/1982,83%,89%,94%,93%,96%,96%,97%,97%,99%,99%,,
7/1/1982,92%,93%,93%,95%,95%,97%,99%,101%,101%,101%,,
8/1/1982,116%,119%,120%,118%,115%,113%,113%,115%,115%,113%,,
9/1/1982,95%,105%,108%,108%,108%,112%,112%,110%,111%,118%,,
10/1/1982,129%,135%,130%,128%,133%,133%,133%,131%,130%,145%,,
11/1/1982,111%,122%,123%,129%,128%,123%,124%,123%,122%,134%,,
12/1/1982,107%,105%,106%,103%,103%,105%,105%,105%,105%,107%,,
1/1/1983,150%,132%,127%,122%,118%,115%,114%,118%,120%,127%,,
2/1/1983,101%,113%,115%,114%,116%,111%,116%,116%,119%,119%,,
3/1/1983,112%,112%,112%,113%,109%,112%,112%,114%,112%,115%,,
4/1/1983,120%,120%,118%,116%,115%,117%,117%,119%,119%,127%,,
5/1/1983,138%,121%,119%,116%,115%,117%,117%,115%,121%,124%,,
6/1/1983,113%,111%,108%,111%,109%,111%,108%,114%,114%,112%,,
7/1/1983,102%,100%,99%,97%,98%,96%,96%,96%,92%,91%,,
8/1/1983,92%,100%,98%,96%,96%,95%,95%,91%,90%,87%,,
9/1/1983,96%,101%,102%,102%,105%,104%,104%,101%,104%,99%,,
10/1/1983,86%,96%,95%,93%,88%,89%,92%,88%,88%,80%,,
11/1/1983,100%,103%,107%,110%,110%,108%,110%,108%,108%,110%,,
12/1/1983,90%,94%,99%,97%,99%,99%,97%,96%,100%,94%,,
1/1/1984,106%,105%,100%,99%,103%,102%,98%,100%,98%,97%,,
2/1/1984,86%,89%,89%,88%,90%,90%,91%,90%,89%,85%,,
3/1/1984,98%,99%,100%,103%,105%,102%,105%,102%,102%,106%,,
4/1/1984,90%,96%,96%,96%,98%,100%,99%,97%,100%,97%,,
5/1/1984,85%,88%,90%,90%,91%,89%,90%,90%,92%,91%,,
6/1/1984,99%,104%,107%,103%,106%,107%,105%,105%,106%,105%,,
7/1/1984,82%,86%,90%,90%,92%,92%,93%,94%,97%,96%,,
8/1/1984,122%,126%,126%,124%,125%,125%,123%,118%,117%,118%,,
9/1/1984,94%,99%,97%,97%,100%,103%,103%,106%,104%,104%,,
10/1/1984,87%,92%,97%,97%,98%,97%,101%,102%,102%,101%,,
11/1/1984,85%,91%,92%,97%,95%,98%,97%,98%,97%,94%,,
12/1/1984,98%,96%,101%,102%,104%,106%,104%,105%,106%,104%,,
1/1/1985,146%,137%,131%,129%,127%,125%,124%,120%,119%,120%,,
2/1/1985,118%,111%,106%,108%,108%,107%,106%,108%,107%,112%,,
3/1/1985,95%,95%,99%,97%,99%,99%,99%,99%,101%,100%,,
4/1/1985,92%,96%,97%,97%,97%,99%,101%,102%,102%,101%,,
5/1/1985,98%,103%,104%,109%,108%,109%,109%,110%,111%,111%,,
6/1/1985,94%,99%,99%,102%,104%,105%,105%,105%,107%,106%,,
7/1/1985,105%,105%,104%,106%,105%,104%,102%,101%,102%,104%,,
8/1/1985,97%,100%,99%,99%,99%,99%,100%,101%,102%,100%,,
9/1/1985,82%,86%,88%,90%,92%,91%,90%,91%,90%,87%,,
10/1/1985,95%,104%,104%,103%,108%,108%,109%,109%,111%,113%,,
11/1/1985,110%,111%,111%,111%,112%,114%,115%,114%,117%,117%,,
12/1/1985,103%,109%,108%,108%,108%,111%,109%,111%,106%,109%,,
1/1/1986,112%,109%,105%,106%,109%,104%,106%,109%,111%,114%,,
2/1/1986,111%,110%,116%,114%,114%,118%,118%,118%,121%,118%,,
3/1/1986,108%,110%,111%,112%,113%,112%,117%,112%,114%,113%,,
4/1/1986,102%,103%,104%,106%,103%,100%,102%,104%,102%,105%,,
5/1/1986,106%,109%,106%,107%,109%,107%,109%,112%,112%,116%,,
6/1/1986,99%,100%,99%,100%,103%,103%,104%,105%,108%,106%,,
7/1/1986,80%,83%,84%,87%,89%,88%,85%,86%,86%,80%,,
8/1/1986,103%,106%,106%,107%,109%,106%,103%,108%,103%,102%,,
9/1/1986,89%,88%,90%,90%,88%,86%,84%,84%,85%,80%,,
10/1/1986,100%,103%,105%,106%,107%,108%,109%,109%,108%,111%,,
11/1/1986,96%,97%,100%,103%,100%,101%,101%,100%,101%,96%,,
12/1/1986,89%,92%,94%,94%,93%,95%,93%,94%,91%,91%,,
1/1/1987,138%,126%,124%,127%,125%,125%,129%,128%,127%,131%,,
2/1/1987,123%,119%,117%,116%,116%,116%,115%,112%,116%,119%,,
3/1/1987,108%,107%,106%,106%,106%,106%,105%,109%,106%,111%,,
4/1/1987,95%,94%,95%,93%,94%,94%,94%,97%,96%,101%,,
5/1/1987,103%,100%,99%,100%,100%,100%,102%,100%,100%,102%,,
6/1/1987,104%,104%,105%,109%,110%,108%,108%,107%,106%,105%,,
7/1/1987,107%,107%,105%,107%,108%,112%,108%,109%,112%,116%,,
8/1/1987,100%,106%,105%,108%,105%,108%,104%,106%,104%,102%,,
9/1/1987,95%,96%,98%,98%,95%,100%,98%,95%,97%,99%,,
10/1/1987,46%,53%,52%,50%,50%,48%,47%,46%,44%,41%,,
11/1/1987,80%,89%,91%,93%,91%,89%,93%,91%,91%,88%,,
12/1/1987,93%,105%,109%,109%,110%,112%,110%,118%,113%,118%,,
1/1/1988,135%,123%,121%,120%,117%,116%,114%,112%,108%,110%,,
2/1/1988,115%,119%,119%,114%,117%,114%,113%,114%,116%,114%,,
3/1/1988,111%,107%,108%,108%,108%,105%,108%,107%,110%,111%,,
4/1/1988,103%,102%,102%,103%,104%,103%,103%,103%,103%,107%,,
5/1/1988,94%,95%,95%,96%,97%,97%,97%,99%,98%,97%,,
6/1/1988,109%,113%,115%,113%,109%,113%,112%,114%,112%,113%,,
7/1/1988,102%,98%,99%,98%,99%,99%,98%,102%,100%,100%,,
8/1/1988,93%,95%,95%,95%,96%,97%,95%,96%,95%,95%,,
9/1/1988,102%,105%,105%,104%,106%,106%,105%,106%,105%,106%,,
10/1/1988,89%,98%,98%,98%,98%,99%,100%,102%,102%,99%,,
11/1/1988,86%,90%,95%,94%,92%,92%,95%,92%,93%,92%,,
12/1/1988,101%,103%,105%,107%,104%,105%,106%,107%,108%,109%,,
1/1/1989,122%,113%,112%,112%,112%,112%,112%,115%,116%,115%,,
2/1/1989,99%,102%,103%,102%,100%,100%,102%,101%,100%,103%,,
3/1/1989,99%,103%,105%,102%,104%,107%,103%,107%,106%,107%,,
4/1/1989,105%,107%,106%,108%,108%,108%,111%,109%,110%,111%,,
5/1/1989,103%,107%,107%,109%,109%,107%,108%,109%,108%,109%,,
6/1/1989,95%,97%,97%,100%,99%,100%,100%,99%,97%,95%,,
7/1/1989,99%,103%,105%,108%,109%,109%,109%,111%,113%,114%,,
8/1/1989,100%,103%,105%,105%,108%,107%,105%,107%,106%,108%,,
9/1/1989,98%,100%,99%,100%,100%,103%,100%,102%,103%,103%,,
10/1/1989,85%,87%,91%,92%,88%,90%,92%,90%,91%,88%,,
11/1/1989,89%,94%,97%,101%,99%,101%,104%,101%,102%,101%,,
12/1/1989,86%,97%,95%,98%,99%,100%,102%,100%,103%,99%,,
1/1/1990,95%,88%,90%,90%,89%,87%,86%,86%,83%,83%,,
2/1/1990,107%,104%,101%,102%,103%,105%,104%,104%,105%,108%,,
3/1/1990,105%,104%,106%,105%,102%,106%,106%,108%,105%,110%,,
4/1/1990,93%,93%,96%,92%,93%,94%,92%,92%,95%,97%,,
5/1/1990,107%,107%,107%,107%,107%,111%,115%,115%,118%,121%,,
6/1/1990,97%,103%,99%,99%,102%,101%,103%,100%,102%,104%,,
7/1/1990,90%,90%,90%,92%,95%,95%,94%,96%,96%,93%,,
8/1/1990,72%,74%,78%,77%,79%,79%,77%,78%,75%,74%,,
9/1/1990,76%,79%,81%,82%,84%,88%,90%,87%,84%,82%,,
10/1/1990,77%,81%,87%,85%,89%,91%,93%,94%,92%,89%,,
11/1/1990,109%,109%,108%,113%,110%,110%,112%,107%,111%,108%,,
12/1/1990,82%,97%,100%,101%,107%,106%,101%,107%,104%,103%,,
1/1/1991,152%,130%,121%,120%,115%,111%,113%,109%,114%,120%,,
2/1/1991,174%,137%,127%,122%,124%,125%,120%,120%,128%,129%,,
3/1/1991,134%,120%,113%,112%,113%,113%,112%,117%,122%,126%,,
4/1/1991,113%,110%,109%,105%,109%,106%,104%,103%,104%,103%,,
5/1/1991,100%,107%,108%,108%,108%,108%,106%,109%,109%,114%,,
6/1/1991,90%,94%,93%,92%,94%,94%,93%,94%,91%,89%,,
7/1/1991,109%,104%,104%,108%,107%,105%,108%,107%,112%,115%,,
8/1/1991,106%,107%,104%,105%,106%,105%,107%,109%,111%,111%,,
9/1/1991,99%,101%,100%,104%,103%,100%,98%,102%,103%,107%,,
10/1/1991,105%,101%,103%,104%,103%,103%,105%,106%,106%,114%,,
11/1/1991,94%,94%,97%,97%,99%,95%,95%,93%,94%,90%,,
12/1/1991,92%,103%,107%,108%,107%,111%,114%,115%,116%,123%,,
1/1/1992,204%,142%,130%,129%,123%,120%,124%,126%,132%,143%,,
2/1/1992,125%,116%,114%,113%,111%,111%,109%,111%,115%,109%,,
3/1/1992,99%,102%,100%,98%,100%,99%,96%,96%,98%,94%,,
4/1/1992,88%,93%,94%,99%,97%,97%,95%,94%,95%,87%,,
5/1/1992,102%,104%,100%,101%,104%,101%,100%,104%,102%,99%,,
6/1/1992,87%,89%,90%,94%,94%,93%,94%,93%,93%,90%,,
7/1/1992,100%,103%,107%,104%,106%,107%,110%,107%,108%,109%,,
8/1/1992,91%,94%,92%,96%,99%,96%,97%,96%,94%,92%,,
9/1/1992,99%,103%,99%,101%,104%,104%,106%,104%,107%,105%,,
10/1/1992,102%,102%,102%,103%,106%,106%,105%,106%,104%,109%,,
11/1/1992,120%,118%,116%,115%,114%,115%,115%,114%,119%,121%,,
12/1/1992,106%,108%,104%,105%,107%,107%,112%,109%,114%,116%,,
1/1/1993,127%,110%,114%,110%,110%,112%,118%,116%,115%,124%,,
2/1/1993,92%,97%,96%,96%,100%,100%,104%,100%,99%,99%,,
3/1/1993,101%,106%,106%,102%,106%,108%,107%,110%,109%,113%,,
4/1/1993,95%,95%,94%,96%,96%,95%,99%,96%,96%,97%,,
5/1/1993,113%,110%,112%,109%,109%,106%,107%,109%,106%,111%,,
6/1/1993,100%,100%,101%,106%,101%,104%,103%,106%,106%,106%,,
7/1/1993,102%,100%,101%,103%,102%,105%,104%,107%,104%,105%,,
8/1/1993,107%,106%,109%,107%,105%,109%,109%,110%,112%,116%,,
9/1/1993,103%,104%,102%,106%,108%,105%,109%,107%,109%,112%,,
10/1/1993,117%,113%,110%,109%,104%,108%,108%,107%,109%,110%,,
11/1/1993,95%,97%,96%,96%,95%,95%,94%,95%,93%,92%,,
12/1/1993,96%,101%,101%,106%,105%,104%,106%,104%,106%,105%,,
1/1/1994,119%,111%,110%,109%,107%,109%,108%,109%,113%,112%,,
2/1/1994,100%,99%,99%,98%,100%,98%,100%,98%,99%,97%,,
3/1/1994,92%,92%,91%,92%,91%,91%,91%,91%,91%,86%,,
4/1/1994,88%,97%,100%,97%,98%,100%,101%,101%,99%,100%,,
5/1/1994,101%,101%,100%,101%,100%,101%,102%,99%,101%,95%,,
6/1/1994,89%,95%,93%,95%,97%,99%,95%,96%,97%,91%,,
7/1/1994,100%,102%,103%,104%,103%,104%,104%,105%,106%,105%,,
8/1/1994,110%,109%,107%,109%,109%,108%,110%,110%,110%,110%,,
9/1/1994,103%,101%,100%,99%,101%,100%,101%,102%,102%,106%,,
10/1/1994,96%,100%,99%,100%,101%,99%,101%,101%,102%,106%,,
11/1/1994,85%,90%,93%,93%,92%,91%,92%,92%,92%,92%,,
12/1/1994,87%,93%,98%,99%,101%,102%,100%,102%,103%,104%,,
1/1/1995,119%,109%,108%,107%,104%,104%,105%,105%,103%,103%,,
2/1/1995,105%,108%,108%,108%,108%,108%,107%,109%,109%,110%,,
3/1/1995,103%,102%,106%,106%,103%,103%,104%,105%,105%,107%,,
4/1/1995,105%,106%,104%,104%,105%,106%,106%,106%,106%,108%,,
5/1/1995,102%,104%,110%,105%,106%,105%,105%,105%,105%,106%,,
6/1/1995,116%,108%,109%,110%,108%,110%,107%,112%,113%,122%,,
7/1/1995,117%,108%,109%,109%,113%,110%,111%,112%,114%,123%,,
8/1/1995,109%,107%,104%,111%,110%,109%,110%,109%,111%,108%,,
9/1/1995,105%,105%,106%,106%,107%,108%,106%,107%,107%,109%,,
10/1/1995,79%,88%,92%,94%,96%,95%,95%,92%,95%,90%,,
11/1/1995,92%,103%,106%,106%,106%,109%,107%,107%,107%,108%,,
12/1/1995,93%,99%,103%,102%,106%,104%,106%,106%,106%,106%,,
1/1/1996,118%,107%,106%,105%,104%,106%,104%,104%,102%,103%,,
2/1/1996,114%,108%,107%,108%,105%,106%,108%,106%,109%,110%,,
3/1/1996,110%,109%,107%,106%,105%,103%,104%,107%,105%,106%,,
4/1/1996,120%,113%,113%,111%,106%,109%,107%,110%,113%,124%,,
5/1/1996,124%,120%,114%,113%,109%,113%,110%,113%,117%,121%,,
6/1/1996,88%,95%,94%,98%,96%,96%,98%,96%,93%,87%,,
7/1/1996,76%,84%,86%,87%,88%,86%,87%,86%,85%,73%,,
8/1/1996,109%,110%,108%,110%,109%,108%,110%,111%,110%,116%,,
9/1/1996,102%,104%,107%,108%,107%,106%,108%,108%,107%,115%,,
10/1/1996,85%,92%,98%,101%,101%,102%,102%,99%,99%,95%,,
11/1/1996,104%,107%,105%,108%,110%,108%,110%,109%,106%,103%,,
12/1/1996,84%,99%,103%,103%,104%,105%,102%,105%,102%,103%,,
1/1/1997,131%,117%,111%,113%,111%,109%,109%,110%,110%,114%,,
2/1/1997,93%,97%,100%,102%,103%,102%,103%,100%,98%,88%,,
3/1/1997,81%,90%,91%,92%,93%,94%,92%,92%,90%,90%,,
4/1/1997,88%,94%,95%,97%,101%,100%,100%,99%,100%,99%,,
5/1/1997,127%,125%,120%,120%,117%,118%,118%,120%,118%,124%,,
6/1/1997,104%,110%,112%,111%,112%,112%,114%,115%,115%,115%,,
7/1/1997,107%,110%,114%,113%,110%,116%,114%,114%,117%,122%,,
8/1/1997,112%,107%,106%,105%,104%,105%,111%,104%,106%,109%,,
9/1/1997,121%,123%,119%,121%,119%,120%,119%,120%,123%,124%,,
10/1/1997,93%,96%,96%,96%,96%,97%,99%,98%,98%,90%,,
11/1/1997,84%,96%,99%,99%,101%,102%,102%,102%,99%,97%,,
12/1/1997,72%,89%,94%,99%,100%,102%,106%,106%,105%,99%,,
1/1/1998,117%,103%,99%,101%,98%,98%,100%,99%,97%,99%,,
2/1/1998,114%,114%,116%,117%,115%,116%,115%,115%,117%,115%,,
3/1/1998,110%,112%,110%,111%,111%,115%,112%,112%,111%,116%,,
4/1/1998,110%,108%,104%,105%,106%,103%,105%,103%,104%,106%,,
5/1/1998,86%,91%,91%,91%,92%,92%,92%,92%,91%,89%,,
6/1/1998,83%,89%,89%,93%,96%,95%,99%,100%,99%,104%,,
7/1/1998,85%,83%,84%,91%,86%,88%,88%,89%,91%,89%,,
8/1/1998,52%,57%,60%,63%,65%,65%,68%,65%,64%,56%,,
9/1/1998,105%,107%,113%,106%,108%,109%,107%,110%,112%,121%,,
10/1/1998,118%,107%,108%,108%,107%,106%,106%,105%,105%,105%,,
11/1/1998,127%,122%,118%,120%,116%,112%,116%,115%,112%,125%,,
12/1/1998,96%,103%,102%,101%,107%,109%,110%,109%,117%,123%,,
1/1/1999,147%,124%,115%,107%,105%,103%,101%,103%,107%,121%,,
2/1/1999,90%,88%,89%,90%,89%,91%,90%,87%,87%,90%,,
3/1/1999,102%,93%,93%,95%,95%,92%,93%,99%,93%,108%,,
4/1/1999,128%,129%,125%,120%,117%,117%,114%,115%,116%,122%,,
5/1/1999,117%,115%,111%,110%,107%,106%,105%,106%,105%,101%,,
6/1/1999,102%,110%,108%,106%,109%,108%,111%,111%,115%,116%,,
7/1/1999,106%,100%,103%,103%,100%,100%,104%,100%,101%,103%,,
8/1/1999,86%,92%,93%,93%,94%,94%,92%,93%,95%,97%,,
9/1/1999,91%,90%,93%,94%,94%,94%,94%,99%,97%,106%,,
10/1/1999,88%,93%,97%,98%,102%,103%,100%,101%,100%,111%,,
11/1/1999,134%,119%,113%,111%,107%,110%,111%,121%,120%,147%,,
12/1/1999,125%,114%,110%,104%,110%,105%,107%,122%,123%,155%,,
1/1/2000,145%,114%,105%,101%,106%,109%,101%,103%,118%,118%,,
2/1/2000,140%,117%,108%,110%,110%,110%,117%,133%,148%,187%,,
3/1/2000,99%,106%,106%,104%,106%,107%,107%,109%,108%,92%,,
4/1/2000,76%,88%,93%,97%,98%,94%,92%,91%,82%,65%,,
5/1/2000,81%,90%,93%,96%,97%,96%,96%,94%,92%,74%,,
6/1/2000,107%,107%,103%,103%,103%,103%,104%,112%,120%,159%,,
7/1/2000,94%,96%,99%,101%,99%,102%,104%,103%,96%,85%,,
8/1/2000,111%,110%,108%,109%,109%,109%,111%,113%,120%,135%,,
9/1/2000,74%,87%,91%,98%,99%,101%,97%,98%,94%,90%,,
10/1/2000,76%,84%,92%,94%,93%,96%,91%,91%,90%,80%,,
11/1/2000,55%,76%,83%,85%,92%,86%,84%,83%,79%,62%,,
12/1/2000,69%,90%,98%,106%,108%,105%,107%,107%,112%,112%,,
1/1/2001,316%,185%,151%,135%,129%,121%,119%,114%,112%,111%,,
2/1/2001,66%,85%,92%,96%,95%,98%,95%,94%,95%,88%,,
3/1/2001,68%,86%,95%,97%,94%,98%,96%,95%,97%,97%,,
4/1/2001,129%,121%,113%,113%,111%,112%,109%,109%,112%,121%,,
5/1/2001,118%,118%,117%,113%,117%,113%,117%,115%,113%,119%,,
6/1/2001,96%,105%,107%,106%,105%,108%,106%,107%,107%,107%,,
7/1/2001,80%,94%,96%,98%,101%,103%,103%,104%,103%,102%,,
8/1/2001,81%,91%,95%,98%,97%,100%,99%,97%,97%,93%,,
9/1/2001,59%,68%,72%,77%,81%,82%,80%,82%,83%,81%,,
10/1/2001,143%,114%,111%,115%,110%,109%,105%,110%,106%,119%,,
11/1/2001,140%,116%,118%,113%,116%,113%,114%,113%,110%,114%,,
12/1/2001,123%,115%,117%,112%,114%,112%,110%,114%,113%,114%,,
1/1/2002,103%,98%,102%,102%,107%,103%,104%,108%,109%,108%,,
2/1/2002,74%,91%,96%,99%,96%,101%,102%,97%,100%,95%,,
3/1/2002,125%,124%,118%,117%,118%,117%,116%,115%,119%,121%,,
4/1/2002,87%,97%,98%,99%,103%,105%,106%,108%,107%,102%,,
5/1/2002,82%,90%,96%,98%,99%,96%,101%,97%,101%,101%,,
6/1/2002,67%,80%,86%,86%,90%,93%,93%,94%,96%,93%,,
7/1/2002,67%,74%,72%,78%,77%,79%,83%,81%,81%,74%,,
8/1/2002,102%,96%,96%,102%,100%,101%,103%,102%,102%,101%,,
9/1/2002,66%,75%,80%,81%,85%,87%,89%,89%,90%,89%,,
10/1/2002,126%,107%,107%,108%,101%,110%,109%,106%,109%,112%,,
11/1/2002,192%,143%,134%,120%,115%,110%,113%,110%,108%,113%,,
12/1/2002,70%,82%,91%,88%,92%,98%,97%,99%,100%,99%,,
1/1/2003,105%,99%,95%,97%,95%,99%,100%,100%,100%,102%,,
2/1/2003,89%,91%,93%,94%,93%,96%,96%,99%,98%,98%,,
3/1/2003,106%,100%,99%,100%,99%,102%,103%,100%,105%,107%,,
4/1/2003,149%,133%,126%,128%,119%,116%,118%,116%,114%,118%,,
5/1/2003,192%,154%,135%,131%,126%,125%,122%,121%,120%,119%,,
6/1/2003,128%,113%,112%,109%,110%,110%,105%,110%,109%,110%,,
7/1/2003,120%,121%,117%,116%,117%,114%,111%,115%,114%,123%,,
8/1/2003,113%,112%,113%,110%,109%,109%,112%,114%,113%,114%,,
9/1/2003,118%,104%,100%,101%,102%,102%,101%,104%,105%,107%,,
10/1/2003,119%,115%,116%,117%,116%,117%,121%,121%,121%,130%,,
11/1/2003,105%,109%,107%,108%,110%,108%,108%,110%,110%,112%,,
12/1/2003,116%,113%,110%,111%,110%,106%,106%,105%,108%,105%,,
1/1/2004,123%,111%,112%,110%,114%,110%,110%,115%,121%,127%,,
2/1/2004,102%,104%,104%,105%,103%,103%,102%,104%,102%,100%,,
3/1/2004,100%,99%,103%,103%,103%,101%,101%,102%,103%,97%,,
4/1/2004,96%,97%,97%,98%,98%,93%,94%,91%,92%,85%,,
5/1/2004,94%,101%,101%,102%,101%,101%,100%,102%,100%,102%,,
6/1/2004,103%,103%,107%,106%,107%,108%,106%,108%,109%,107%,,
7/1/2004,80%,88%,91%,87%,91%,92%,89%,86%,86%,81%,,
8/1/2004,94%,101%,99%,99%,99%,101%,97%,97%,97%,93%,,
9/1/2004,106%,106%,108%,107%,108%,109%,110%,111%,115%,118%,,
10/1/2004,105%,104%,104%,106%,104%,105%,103%,107%,104%,102%,,
11/1/2004,131%,118%,117%,115%,116%,117%,121%,120%,121%,124%,,
12/1/2004,127%,115%,112%,109%,111%,109%,108%,107%,110%,115%,,
1/1/2005,83%,94%,93%,95%,95%,95%,96%,96%,97%,95%,,
2/1/2005,97%,99%,100%,103%,104%,102%,106%,104%,106%,111%,,
3/1/2005,87%,95%,97%,95%,96%,96%,96%,97%,94%,93%,,
4/1/2005,80%,88%,90%,92%,90%,92%,91%,90%,90%,83%,,
5/1/2005,113%,110%,109%,110%,110%,112%,110%,112%,113%,118%,,
6/1/2005,108%,108%,106%,107%,107%,106%,109%,109%,107%,111%,,
7/1/2005,120%,117%,112%,113%,111%,112%,114%,114%,114%,121%,,
8/1/2005,94%,98%,98%,98%,96%,98%,99%,98%,100%,100%,,
9/1/2005,100%,100%,99%,100%,101%,105%,102%,101%,105%,106%,,
10/1/2005,88%,93%,96%,96%,97%,93%,95%,95%,93%,89%,,
11/1/2005,109%,107%,108%,108%,110%,109%,108%,111%,107%,113%,,
12/1/2005,103%,102%,100%,100%,101%,101%,101%,102%,104%,102%,,
1/1/2006,125%,116%,115%,114%,114%,111%,114%,115%,122%,132%,,
2/1/2006,103%,100%,102%,102%,103%,102%,104%,103%,99%,96%,,
3/1/2006,111%,109%,108%,106%,108%,110%,111%,110%,113%,113%,,
4/1/2006,101%,102%,100%,101%,100%,100%,101%,102%,102%,103%,,
5/1/2006,87%,94%,92%,93%,93%,93%,91%,90%,87%,81%,,
6/1/2006,94%,96%,97%,99%,101%,100%,102%,99%,100%,96%,,
7/1/2006,87%,92%,95%,96%,96%,96%,96%,93%,93%,87%,,
8/1/2006,108%,109%,106%,105%,105%,103%,105%,105%,103%,102%,,
9/1/2006,100%,103%,103%,103%,102%,102%,105%,102%,103%,102%,,
10/1/2006,114%,112%,110%,113%,109%,110%,111%,108%,113%,114%,,
11/1/2006,107%,107%,108%,105%,106%,104%,105%,106%,104%,106%,,
12/1/2006,102%,101%,103%,101%,103%,104%,105%,103%,101%,107%,,
1/1/2007,108%,106%,104%,102%,105%,105%,104%,106%,105%,109%,,
2/1/2007,101%,103%,100%,100%,101%,102%,102%,99%,98%,99%,,
3/1/2007,95%,100%,101%,101%,102%,103%,102%,103%,105%,105%,,
4/1/2007,107%,104%,104%,104%,106%,104%,105%,106%,108%,108%,,
5/1/2007,103%,107%,105%,107%,107%,109%,106%,108%,105%,105%,,
6/1/2007,98%,98%,98%,99%,99%,98%,99%,98%,98%,99%,,
7/1/2007,87%,87%,87%,89%,90%,89%,91%,93%,92%,89%,,
8/1/2007,92%,101%,101%,99%,99%,100%,98%,97%,101%,99%,,
9/1/2007,98%,100%,102%,100%,102%,104%,105%,105%,109%,113%,,
10/1/2007,96%,96%,99%,101%,103%,105%,106%,109%,108%,111%,,
11/1/2007,70%,81%,85%,88%,86%,87%,86%,85%,83%,82%,,
12/1/2007,90%,94%,93%,96%,96%,96%,100%,102%,101%,104%,,
1/1/2008,102%,93%,90%,92%,89%,89%,83%,86%,80%,76%,,
2/1/2008,89%,91%,91%,91%,95%,96%,96%,97%,99%,98%,,
3/1/2008,85%,93%,93%,99%,98%,103%,98%,97%,97%,95%,,
4/1/2008,100%,106%,103%,108%,106%,106%,106%,106%,108%,115%,,
5/1/2008,108%,105%,107%,106%,110%,110%,106%,107%,107%,117%,,
6/1/2008,71%,73%,74%,78%,80%,82%,83%,85%,90%,96%,,
7/1/2008,99%,103%,105%,106%,106%,108%,104%,107%,102%,90%,,
8/1/2008,107%,105%,108%,108%,107%,108%,108%,104%,103%,97%,,
9/1/2008,67%,74%,79%,80%,81%,82%,85%,84%,78%,66%,,
10/1/2008,52%,51%,56%,57%,59%,63%,64%,66%,63%,58%,,
11/1/2008,60%,64%,66%,71%,75%,73%,78%,81%,79%,76%,,
12/1/2008,107%,109%,110%,108%,108%,105%,109%,107%,107%,105%,,
1/1/2009,118%,101%,88%,86%,86%,85%,85%,86%,83%,77%,,
2/1/2009,70%,69%,78%,74%,77%,79%,80%,78%,76%,77%,,
3/1/2009,184%,149%,128%,126%,126%,122%,115%,122%,114%,118%,,
4/1/2009,233%,210%,188%,160%,152%,138%,136%,131%,119%,114%,,
5/1/2009,167%,144%,133%,124%,113%,116%,112%,112%,109%,107%,,
6/1/2009,113%,108%,108%,106%,105%,106%,108%,107%,111%,109%,,
7/1/2009,124%,130%,125%,128%,121%,124%,113%,117%,120%,116%,,
8/1/2009,171%,130%,113%,117%,111%,107%,107%,102%,104%,101%,,
9/1/2009,138%,119%,118%,115%,114%,112%,112%,112%,109%,113%,,
10/1/2009,77%,84%,89%,90%,88%,91%,90%,90%,90%,81%,,
11/1/2009,95%,104%,104%,105%,104%,108%,106%,104%,112%,111%,,
12/1/2009,115%,114%,117%,111%,113%,115%,117%,119%,117%,121%,,
1/1/2010,110%,100%,98%,95%,97%,97%,94%,96%,93%,96%,,
2/1/2010,102%,107%,107%,108%,108%,111%,109%,113%,117%,117%,,
3/1/2010,117%,116%,120%,119%,120%,118%,119%,119%,123%,125%,,
4/1/2010,128%,116%,115%,112%,113%,113%,116%,118%,120%,130%,,
5/1/2010,77%,85%,86%,85%,85%,84%,83%,84%,83%,78%,,
6/1/2010,78%,87%,87%,89%,87%,86%,83%,83%,81%,77%,,
7/1/2010,112%,112%,115%,114%,115%,113%,114%,115%,117%,119%,,
8/1/2010,83%,84%,87%,85%,88%,86%,86%,89%,87%,81%,,
9/1/2010,125%,127%,127%,124%,126%,124%,124%,129%,128%,135%,,
10/1/2010,109%,110%,109%,109%,108%,108%,111%,113%,111%,111%,,
11/1/2010,96%,106%,109%,105%,105%,108%,107%,107%,109%,110%,,
12/1/2010,128%,124%,118%,119%,117%,121%,119%,117%,118%,118%,,
1/1/2011,112%,104%,103%,106%,102%,104%,102%,103%,104%,103%,,
2/1/2011,105%,109%,109%,113%,109%,109%,113%,113%,111%,113%,,
3/1/2011,94%,102%,102%,106%,104%,105%,104%,108%,109%,107%,,
4/1/2011,99%,103%,105%,104%,105%,107%,105%,106%,105%,102%,,
5/1/2011,92%,94%,97%,96%,98%,97%,97%,96%,97%,95%,,
6/1/2011,87%,95%,95%,96%,97%,96%,98%,95%,97%,96%,,
7/1/2011,97%,94%,94%,94%,94%,92%,93%,93%,96%,93%,,
8/1/2011,74%,78%,85%,85%,86%,84%,83%,82%,79%,77%,,
9/1/2011,73%,81%,83%,81%,79%,80%,80%,78%,73%,69%,,
10/1/2011,125%,126%,133%,128%,128%,133%,130%,128%,134%,141%,,
11/1/2011,85%,93%,96%,97%,97%,103%,99%,101%,100%,100%,,
12/1/2011,94%,100%,103%,102%,100%,103%,103%,101%,102%,100%,,
1/1/2012,143%,129%,125%,120%,121%,115%,113%,113%,109%,115%,,
2/1/2012,113%,113%,109%,107%,108%,109%,107%,107%,107%,110%,,
3/1/2012,105%,108%,106%,109%,107%,108%,108%,108%,108%,109%,,
4/1/2012,91%,91%,98%,98%,95%,98%,98%,101%,103%,101%,,
5/1/2012,75%,80%,83%,85%,89%,88%,88%,90%,89%,88%,,
6/1/2012,104%,112%,110%,110%,111%,108%,110%,108%,110%,110%,,
7/1/2012,95%,94%,93%,98%,97%,100%,101%,99%,101%,101%,,
8/1/2012,106%,110%,108%,107%,108%,106%,105%,105%,104%,109%,,
9/1/2012,114%,110%,111%,107%,106%,109%,108%,108%,106%,108%,,
10/1/2012,91%,95%,96%,95%,97%,97%,98%,97%,98%,100%,,
11/1/2012,99%,101%,102%,103%,101%,101%,99%,102%,100%,101%,,
12/1/2012,107%,108%,107%,107%,108%,106%,106%,105%,104%,103%,,
1/1/2013,124%,115%,114%,118%,112%,116%,116%,118%,117%,122%,,
2/1/2013,99%,100%,103%,105%,103%,104%,105%,102%,105%,103%,,
3/1/2013,106%,107%,109%,111%,109%,111%,111%,113%,112%,118%,,
4/1/2013,96%,100%,101%,99%,100%,101%,100%,102%,100%,103%,,
5/1/2013,116%,114%,115%,108%,110%,108%,110%,109%,111%,110%,,
6/1/2013,95%,101%,102%,100%,103%,99%,103%,102%,101%,98%,,
7/1/2013,126%,115%,114%,116%,117%,117%,118%,116%,117%,121%,,
8/1/2013,97%,96%,94%,95%,95%,95%,94%,95%,95%,94%,,
9/1/2013,117%,110%,108%,112%,112%,114%,115%,114%,116%,118%,,
10/1/2013,102%,107%,105%,108%,110%,106%,109%,109%,106%,105%,,
11/1/2013,111%,108%,111%,109%,111%,108%,110%,112%,113%,111%,,
12/1/2013,107%,106%,107%,104%,106%,105%,107%,105%,108%,108%,,
1/1/2014,112%,101%,99%,96%,98%,94%,94%,97%,96%,101%,,
2/1/2014,111%,108%,107%,108%,110%,112%,110%,114%,113%,115%,,
3/1/2014,97%,105%,102%,103%,103%,103%,100%,102%,100%,95%,,
4/1/2014,89%,93%,96%,97%,94%,94%,94%,95%,92%,84%,,
5/1/2014,97%,98%,104%,102%,103%,101%,103%,100%,101%,98%,,
6/1/2014,113%,110%,107%,109%,112%,108%,109%,110%,111%,113%,,
7/1/2014,88%,90%,92%,92%,92%,91%,90%,91%,89%,88%,,
8/1/2014,109%,107%,109%,108%,112%,110%,110%,110%,110%,114%,,
9/1/2014,80%,89%,90%,92%,90%,93%,91%,91%,91%,90%,,
10/1/2014,96%,109%,112%,114%,111%,112%,110%,108%,107%,104%,,
11/1/2014,94%,95%,99%,101%,102%,102%,101%,102%,104%,103%,,
12/1/2014,101%,105%,104%,105%,105%,105%,105%,106%,104%,103%,,
1/1/2015,87%,91%,89%,90%,93%,93%,94%,95%,97%,97%,,
2/1/2015,125%,117%,117%,113%,114%,114%,116%,112%,111%,113%,,
3/1/2015,90%,98%,100%,103%,102%,102%,103%,104%,103%,104%,,
4/1/2015,119%,102%,100%,99%,98%,98%,97%,96%,95%,91%,,
5/1/2015,94%,96%,100%,100%,101%,103%,106%,103%,107%,112%,,
6/1/2015,92%,98%,102%,100%,101%,101%,100%,102%,102%,102%,,
7/1/2015,71%,83%,91%,97%,98%,99%,101%,103%,101%,102%,,
8/1/2015,96%,87%,93%,90%,91%,91%,92%,90%,89%,84%,,
9/1/2015,71%,81%,84%,89%,94%,93%,96%,96%,95%,85%,,
10/1/2015,113%,114%,115%,115%,114%,112%,111%,110%,114%,111%,,
11/1/2015,109%,101%,104%,103%,104%,105%,108%,108%,106%,108%,,
12/1/2015,79%,86%,87%,88%,92%,93%,93%,94%,94%,91%,,
1/1/2016,72%,76%,80%,80%,83%,83%,84%,87%,86%,76%,,
2/1/2016,101%,104%,103%,110%,103%,103%,101%,97%,97%,97%,,
3/1/2016,141%,127%,122%,120%,117%,117%,115%,114%,112%,111%,,
4/1/2016,125%,114%,109%,108%,105%,107%,104%,104%,104%,104%,,
5/1/2016,92%,101%,101%,103%,103%,103%,105%,103%,104%,103%,,
6/1/2016,101%,96%,95%,95%,96%,100%,99%,101%,102%,104%,,
7/1/2016,121%,120%,111%,114%,115%,113%,110%,109%,109%,111%,,
8/1/2016,111%,106%,105%,103%,107%,106%,103%,104%,103%,99%,,
9/1/2016,111%,108%,101%,105%,103%,102%,103%,102%,108%,104%,,
10/1/2016,76%,89%,91%,94%,95%,94%,94%,90%,91%,84%,,
11/1/2016,116%,122%,128%,123%,124%,122%,125%,120%,124%,125%,,
12/1/2016,98%,105%,106%,108%,108%,109%,109%,107%,105%,101%,,
1/1/2017,111%,104%,104%,102%,103%,102%,100%,101%,101%,106%,,
2/1/2017,104%,106%,105%,106%,105%,105%,103%,105%,102%,100%,,
3/1/2017,101%,104%,101%,103%,101%,101%,101%,103%,100%,100%,,
4/1/2017,93%,102%,101%,108%,102%,103%,102%,103%,103%,100%,,
5/1/2017,84%,97%,100%,98%,98%,99%,97%,97%,96%,97%,,
6/1/2017,118%,106%,105%,107%,108%,106%,108%,106%,109%,106%,,
7/1/2017,95%,96%,101%,102%,101%,99%,100%,101%,103%,103%,,
8/1/2017,92%,92%,96%,97%,96%,99%,98%,97%,98%,100%,,
9/1/2017,129%,116%,115%,116%,114%,116%,115%,113%,117%,115%,,
10/1/2017,93%,93%,100%,104%,101%,101%,104%,105%,104%,103%,,
11/1/2017,111%,112%,109%,107%,107%,108%,107%,108%,105%,107%,,
12/1/2017,107%,104%,100%,101%,99%,100%,102%,99%,102%,105%,,
1/1/2018,107%,105%,105%,108%,106%,107%,106%,108%,110%,110%,,
2/1/2018,86%,89%,92%,92%,94%,92%,92%,94%,93%,92%,,
3/1/2018,102%,100%,101%,103%,104%,105%,102%,100%,102%,101%,,
4/1/2018,102%,103%,103%,103%,102%,101%,101%,99%,102%,102%,,
5/1/2018,112%,111%,110%,108%,106%,110%,109%,111%,115%,122%,,
6/1/2018,102%,102%,106%,101%,103%,99%,100%,101%,102%,103%,,
7/1/2018,93%,102%,104%,100%,104%,106%,103%,102%,104%,102%,,
8/1/2018,102%,105%,106%,105%,108%,110%,106%,107%,113%,120%,,
9/1/2018,97%,94%,98%,97%,95%,94%,97%,98%,96%,95%,,
10/1/2018,71%,78%,81%,83%,82%,83%,82%,81%,78%,74%,,
11/1/2018,93%,99%,102%,102%,103%,100%,102%,103%,99%,96%,,
12/1/2018,57%,70%,72%,73%,77%,78%,79%,79%,78%,74%,,
1/1/2019,174%,150%,136%,132%,124%,121%,121%,121%,121%,129%,,
2/1/2019,115%,113%,110%,114%,111%,111%,113%,110%,111%,112%,,
3/1/2019,101%,92%,96%,94%,95%,94%,97%,98%,100%,98%,,
4/1/2019,102%,108%,108%,112%,107%,109%,106%,104%,104%,104%,,
5/1/2019,72%,74%,82%,81%,84%,85%,86%,86%,88%,90%,,
6/1/2019,106%,111%,119%,114%,114%,114%,116%,114%,117%,117%,,
7/1/2019,87%,99%,98%,99%,101%,101%,102%,100%,100%,104%,,
8/1/2019,85%,84%,82%,85%,89%,88%,94%,95%,94%,94%,,
9/1/2019,109%,109%,109%,110%,110%,107%,107%,103%,99%,92%,,
10/1/2019,90%,101%,100%,102%,102%,106%,103%,104%,103%,104%,,
11/1/2019,104%,111%,110%,107%,110%,109%,109%,104%,111%,113%,,
12/1/2019,129%,113%,109%,108%,109%,107%,110%,106%,106%,111%,,
1/1/2020,103%,96%,97%,90%,93%,94%,93%,95%,98%,100%,,
2/1/2020,92%,79%,84%,81%,81%,81%,81%,81%,83%,86%,,
3/1/2020,50%,52%,51%,57%,54%,58%,61%,58%,62%,59%,,
4/1/2020,203%,159%,149%,143%,132%,131%,132%,136%,140%,151%,,
5/1/2020,132%,128%,119%,117%,112%,112%,111%,110%,117%,126%,,
6/1/2020,132%,131%,115%,112%,112%,104%,106%,107%,108%,120%,,
7/1/2020,115%,107%,103%,102%,106%,111%,110%,124%,113%,115%,,
8/1/2020,112%,112%,116%,113%,113%,110%,109%,112%,105%,108%,,
9/1/2020,84%,92%,91%,96%,92%,94%,96%,93%,97%,98%,,
10/1/2020,97%,107%,110%,107%,103%,102%,104%,105%,103%,98%,,
11/1/2020,213%,164%,150%,147%,145%,147%,136%,144%,139%,152%,,
12/1/2020,140%,131%,124%,124%,116%,114%,117%,114%,121%,120%,,
1/1/2021,178%,117%,114%,114%,111%,114%,107%,115%,135%,153%,,
2/1/2021,136%,127%,126%,121%,124%,121%,122%,116%,124%,113%,,
3/1/2021,103%,114%,114%,108%,113%,107%,110%,106%,103%,95%,,
4/1/2021,96%,103%,103%,106%,106%,106%,105%,114%,104%,99%,,
5/1/2021,98%,103%,103%,104%,107%,106%,103%,110%,110%,104%,,
6/1/2021,109%,107%,105%,104%,101%,101%,103%,102%,105%,120%,,
7/1/2021,84%,98%,99%,102%,97%,95%,94%,94%,89%,81%,,
8/1/2021,105%,105%,105%,108%,104%,105%,105%,105%,106%,107%,,
9/1/2021,93%,93%,91%,93%,92%,94%,97%,97%,95%,94%,,
10/1/2021,96%,106%,110%,107%,109%,110%,107%,109%,112%,105%,,
11/1/2021,76%,87%,93%,94%,93%,92%,95%,89%,88%,84%,,
12/1/2021,89%,107%,109%,106%,106%,108%,108%,106%,102%,92%,,
1/1/2022,73%,83%,88%,87%,88%,90%,85%,88%,83%,76%,,
2/1/2022,91%,99%,102%,101%,104%,102%,101%,99%,103%,110%,,
3/1/2022,108%,102%,100%,101%,103%,104%,103%,105%,104%,107%,,
4/1/2022,58%,77%,82%,85%,87%,85%,85%,85%,84%,86%,,
5/1/2022,84%,93%,102%,98%,100%,101%,100%,100%,99%,106%,,
6/1/2022,90%,83%,81%,83%,84%,86%,90%,85%,84%,73%,,
7/1/2022,118%,127%,120%,122%,121%,123%,116%,118%,115%,127%,,
8/1/2022,105%,97%,95%,97%,99%,95%,93%,97%,99%,106%,,
9/1/2022,67%,75%,77%,76%,80%,82%,89%,84%,83%,77%,,
10/1/2022,102%,116%,123%,122%,122%,123%,118%,127%,125%,133%,,
11/1/2022,88%,102%,107%,109%,110%,109%,111%,105%,105%,99%,,
12/1/2022,79%,84%,89%,90%,93%,91%,94%,90%,90%,90%,,
1/1/2023,186%,148%,141%,128%,124%,121%,111%,111%,113%,110%,,
2/1/2023,79%,91%,92%,97%,96%,98%,98%,97%,97%,95%,,
3/1/2023,75%,85%,88%,87%,89%,94%,95%,90%,93%,91%,,
4/1/2023,92%,95%,94%,94%,97%,95%,103%,98%,96%,99%,,
5/1/2023,102%,99%,105%,92%,94%,98%,97%,97%,99%,102%,,
6/1/2023,107%,119%,116%,120%,114%,117%,111%,120%,119%,114%,,
